[
  {
    "model": "app_catalog.cafebranch",
    "pk": 1,
    "fields": {
      "name": "Ленина",
      "address": "ул. Ленина, 9/1",
      "is_active": true
    }
  },
  {
    "model": "app_catalog.cafebranch",
    "pk": 2,
    "fields": {
      "name": "Тексер",
      "address": "ул. Тексер, 4а",
      "is_active": true
    }
  },
  {
    "model": "app_catalog.category",
    "pk": 1,
    "fields": {
      "name": "Пицца",
      "image": "",
      "description": "Горячие, сочные и очень вкусные пиццы!",
      "branch": null,
      "is_active": true,
      "slug": "picca"
    }
  },
  {
    "model": "app_catalog.category",
    "pk": 2,
    "fields": {
      "name": "Фастфуд",
      "image": "",
      "description": "Быстро, вкусно, всегда на подходе: наш фастфуд - твой идеальный выбор!",
      "branch": null,
      "is_active": true,
      "slug": "fastfud"
    }
  },
  {
    "model": "app_catalog.category",
    "pk": 3,
    "fields": {
      "name": "Бургеры",
      "image": "",
      "description": "Горячие, сочные и очень вкусные пиццы!",
      "branch": null,
      "is_active": true,
      "slug": "burgery"
    }
  },
  {
    "model": "app_catalog.category",
    "pk": 4,
    "fields": {
      "name": "Кальцоне",
      "image": "",
      "description": "Сочетание тонкого теста, обжаренного до золотистой хрустящей корочки, и ароматных начинок - вот что делает наши кальцоне настоящими вкусными шедеврами. Насладитесь сочным сочетанием свежих ингредиентов, обрамленных нежным тестом и приготовленных с любовью. Погрузитесь в итальянскую атмосферу с каждым укусом и насладитесь великолепным вкусом наших кальцоне.",
      "branch": null,
      "is_active": true,
      "slug": "kalcone"
    }
  },
  {
    "model": "app_catalog.category",
    "pk": 5,
    "fields": {
      "name": "Соусы",
      "image": "",
      "description": "Не забудьте соус к нашим блюдам!",
      "branch": null,
      "is_active": true,
      "slug": "sousy"
    }
  },
  {
    "model": "app_catalog.item",
    "pk": 1,
    "fields": {
      "category": 1,
      "name": "От шефа",
      "description": "Соус фирменный, сыр Моцарелла, ветчина, бекон, колбаса Салями, шампиньоны, перец болгарский, маслины, лук репчатый",
      "image": "media/item_images/ot_shefa.png",
      "slug": "ot-shefa",
      "is_active": true,
      "created_at": "2024-04-14T12:30:05.749Z",
      "updated_at": "2024-04-14T12:30:05.749Z"
    }
  },
  {
    "model": "app_catalog.item",
    "pk": 2,
    "fields": {
      "category": 1,
      "name": "Сочный бургер",
      "description": "Соус фирменный, сыр Моцарелла, ветчина, бекон, маринованные огурчики, лук репчатый, томат свежий",
      "image": "media/item_images/sochnyy_burger.png",
      "slug": "sochnyj-burger",
      "is_active": true,
      "created_at": "2024-04-14T12:31:11.000Z",
      "updated_at": "2024-04-14T12:31:11.000Z"
    }
  },
  {
    "model": "app_catalog.item",
    "pk": 3,
    "fields": {
      "category": 1,
      "name": "Анталия",
      "description": "Соус фирменный, сыр Моцарелла, бекон, варено-копченая колбаса, томат свежий, сыр пармезан",
      "image": "media/item_images/antaliya.png",
      "slug": "antaliya",
      "is_active": true,
      "created_at": "2024-04-14T12:32:09.438Z",
      "updated_at": "2024-04-14T12:32:09.438Z"
    }
  },
  {
    "model": "app_catalog.item",
    "pk": 4,
    "fields": {
      "category": 1,
      "name": "Гавайская",
      "description": "Соус фирменный, сыр Моцарелла, ветчина рубленная, мясо цыплёнка, ананас консервированный",
      "image": "media/item_images/gavayskaya.png",
      "slug": "gavajskaya",
      "is_active": true,
      "created_at": "2024-04-14T12:33:06.627Z",
      "updated_at": "2024-04-14T12:33:06.627Z"
    }
  },
  {
    "model": "app_catalog.item",
    "pk": 5,
    "fields": {
      "category": 1,
      "name": "Язык дракона",
      "description": "Соус фирменный, сыр Моцарелла, колбаса Салями, томат свежий, колбаски охотничьи, лук репчатый, перец Халапеньо, соус Шрирача",
      "image": "media/item_images/yazyk_drakona.png",
      "slug": "yazyk-drakona",
      "is_active": true,
      "created_at": "2024-04-14T12:35:27.656Z",
      "updated_at": "2024-04-14T12:35:27.656Z"
    }
  },
  {
    "model": "app_catalog.item",
    "pk": 6,
    "fields": {
      "category": 1,
      "name": "Лесная",
      "description": "Соус фирменный, сыр Моцарелла, мясо цыплёнка, бекон, шампиньоны, опята маринованные, лук маринованный",
      "image": "media/item_images/lesnaya.png",
      "slug": "lesnaya",
      "is_active": true,
      "created_at": "2024-04-14T12:37:41.434Z",
      "updated_at": "2024-04-14T12:37:41.434Z"
    }
  },
  {
    "model": "app_catalog.item",
    "pk": 7,
    "fields": {
      "category": 1,
      "name": "Деревенская",
      "description": "Соус фирменный, сыр Моцарелла, бекон, колбаса Салями, перец болгарский, томат свежий, лук репчатый, маринованные огурчики, яйцо",
      "image": "media/item_images/derevenskaya.png",
      "slug": "derevenskaya",
      "is_active": true,
      "created_at": "2024-04-14T12:51:56.410Z",
      "updated_at": "2024-04-14T12:51:56.410Z"
    }
  },
  {
    "model": "app_catalog.item",
    "pk": 8,
    "fields": {
      "category": 1,
      "name": "Барбекю",
      "description": "Соус фирменный, сыр Моцарелла, бекон, мясо цыплёнка, лук репчатый, перец болгарский, соус Барбекю",
      "image": "media/item_images/barbekyu.png",
      "slug": "barbekyu",
      "is_active": true,
      "created_at": "2024-04-14T12:53:23.092Z",
      "updated_at": "2024-04-14T12:53:23.092Z"
    }
  },
  {
    "model": "app_catalog.item",
    "pk": 9,
    "fields": {
      "category": 1,
      "name": "Итальянская",
      "description": "Соус фирменный, сыр Моцарелла, бекон, ветчина рубленая, колбаса Салями, шампиньоны, маслины, томат свежий",
      "image": "media/item_images/italyanskaya.png",
      "slug": "italyanskaya",
      "is_active": true,
      "created_at": "2024-04-14T12:55:24.609Z",
      "updated_at": "2024-04-14T12:55:24.609Z"
    }
  },
  {
    "model": "app_catalog.item",
    "pk": 10,
    "fields": {
      "category": 1,
      "name": "Беллучи",
      "description": "Соус фирменный, сыр Моцарелла, колбаски охотничьи, варено-копченая колбаса, шампиньоны, болгарский перец",
      "image": "media/item_images/belluchchi.png",
      "slug": "belluchi",
      "is_active": true,
      "created_at": "2024-04-14T12:56:07.666Z",
      "updated_at": "2024-04-14T12:56:07.666Z"
    }
  },
  {
    "model": "app_catalog.item",
    "pk": 11,
    "fields": {
      "category": 1,
      "name": "Зелёный бум",
      "description": "Соус фирменный, сыр Моцарелла, шампиньоны, перец Болгарский, лук репчатый, маслины, сыр творожный, томат свежий",
      "image": "media/item_images/zelyonyy_bum.png",
      "slug": "zelyonyj-bum",
      "is_active": true,
      "created_at": "2024-04-14T12:57:00.567Z",
      "updated_at": "2024-04-14T12:57:00.567Z"
    }
  },
  {
    "model": "app_catalog.item",
    "pk": 12,
    "fields": {
      "category": 1,
      "name": "Челентано",
      "description": "Соус фирменный, сыр Моцарелла, фарш, колбаса Салями, томат свежий, лук репчатый, огурец маринованный",
      "image": "media/item_images/chelentano.png",
      "slug": "chelentano",
      "is_active": true,
      "created_at": "2024-04-14T12:57:52.983Z",
      "updated_at": "2024-04-14T12:57:52.983Z"
    }
  },
  {
    "model": "app_catalog.item",
    "pk": 13,
    "fields": {
      "category": 1,
      "name": "Солоньезе",
      "description": "Соус фирменный, сыр Моцарелла, фарш, перец болгарский, шампиньоны, яйцо куриное",
      "image": "media/item_images/soloneze.png",
      "slug": "soloneze",
      "is_active": true,
      "created_at": "2024-04-14T12:58:40.322Z",
      "updated_at": "2024-04-14T12:58:40.322Z"
    }
  },
  {
    "model": "app_catalog.item",
    "pk": 14,
    "fields": {
      "category": 1,
      "name": "Ветчина с грибами",
      "description": "Соус томатный, сыр Моцарелла, ветчина классическая, шампиньоны, маслины консервированные",
      "image": "media/item_images/vetchina_s_gribami.png",
      "slug": "vetchina-s-gribami",
      "is_active": true,
      "created_at": "2024-04-14T13:00:06.206Z",
      "updated_at": "2024-04-14T13:00:06.206Z"
    }
  },
  {
    "model": "app_catalog.item",
    "pk": 15,
    "fields": {
      "category": 1,
      "name": "Детская",
      "description": "Соус фирменный, сыр Моцарелла, ветчина рубленная, томат свежий",
      "image": "media/item_images/detskaya.png",
      "slug": "detskaya",
      "is_active": true,
      "created_at": "2024-04-14T13:01:19.462Z",
      "updated_at": "2024-04-14T13:01:19.462Z"
    }
  },
  {
    "model": "app_catalog.item",
    "pk": 16,
    "fields": {
      "category": 1,
      "name": "Пеперони",
      "description": "Соус фирменный, сыр Моцарелла, колбаса Салями",
      "image": "media/item_images/peperoni.png",
      "slug": "peperoni",
      "is_active": true,
      "created_at": "2024-04-14T13:02:14.173Z",
      "updated_at": "2024-04-14T13:02:14.173Z"
    }
  },
  {
    "model": "app_catalog.item",
    "pk": 17,
    "fields": {
      "category": 1,
      "name": "Бомбита",
      "description": "Соус фирменный, сыр Моцарелла, шампиньоны, варено-копченая колбаса, огурцы маринованные, мясо цыпленка",
      "image": "media/item_images/bombita.png",
      "slug": "bombita",
      "is_active": true,
      "created_at": "2024-04-14T13:03:08.834Z",
      "updated_at": "2024-04-14T13:03:08.834Z"
    }
  },
  {
    "model": "app_catalog.item",
    "pk": 18,
    "fields": {
      "category": 1,
      "name": "Панская",
      "description": "Соус фирменный, соус Моцарелла, колбаса Салями, варено-копченая колбаса, ветчина, колбаски охотничьи",
      "image": "media/item_images/panskaya.png",
      "slug": "panskaya",
      "is_active": true,
      "created_at": "2024-04-14T13:04:44.295Z",
      "updated_at": "2024-04-14T13:04:44.295Z"
    }
  },
  {
    "model": "app_catalog.item",
    "pk": 19,
    "fields": {
      "category": 1,
      "name": "Куриная",
      "description": "Соус фирменный, сыр Моцарелла, мясо цыплёнка, шампиньоны, лук репчатый, томат свежий",
      "image": "media/item_images/kurinaya.png",
      "slug": "kurinaya",
      "is_active": true,
      "created_at": "2024-04-14T13:06:13.772Z",
      "updated_at": "2024-04-14T13:06:13.772Z"
    }
  },
  {
    "model": "app_catalog.item",
    "pk": 20,
    "fields": {
      "category": 1,
      "name": "Мистер Чиз",
      "description": "Соус фирменный, сыр Моцарелла, сыр Чеддер, сыр творожный, сыр Пармезан, сыр ДорБлю",
      "image": "media/item_images/mister_chiz.png",
      "slug": "mister-chiz",
      "is_active": true,
      "created_at": "2024-04-14T13:07:15.702Z",
      "updated_at": "2024-04-14T13:07:15.702Z"
    }
  },
  {
    "model": "app_catalog.item",
    "pk": 21,
    "fields": {
      "category": 1,
      "name": "Четыре сезона",
      "description": "Соус фирменный, сыр Моцарелла, колбаса Салями, мясо цыплёнка, томат свежий, ветчина, шампиньоны, бекон, маринованные огурчики, яйцо",
      "image": "media/item_images/4_sezona.png",
      "slug": "chetyre-sezona",
      "is_active": true,
      "created_at": "2024-04-14T13:08:06.236Z",
      "updated_at": "2024-04-14T13:08:06.236Z"
    }
  },
  {
    "model": "app_catalog.item",
    "pk": 22,
    "fields": {
      "category": 1,
      "name": "Охотничья",
      "description": "Соус фирменный, сыр Моцарелла, колбаски охотничьи, бекон, шампиньоны, огурцы маринованные, чесночный соус, Терияки соус",
      "image": "media/item_images/ohotnchya.png",
      "slug": "ohotnichya",
      "is_active": true,
      "created_at": "2024-04-14T13:09:47.319Z",
      "updated_at": "2024-04-14T13:09:47.319Z"
    }
  },
  {
    "model": "app_catalog.item",
    "pk": 23,
    "fields": {
      "category": 1,
      "name": "Мясная",
      "description": "Соус фирменный, сыр Моцарелла, колбаса Салями, ветчина, бекон, колбаски охотничьи, томат свежий, шампиньоны, лук репчатый",
      "image": "media/item_images/myasnaya.png",
      "slug": "myasnaya",
      "is_active": true,
      "created_at": "2024-04-14T13:10:38.698Z",
      "updated_at": "2024-04-14T13:10:38.698Z"
    }
  },
  {
    "model": "app_catalog.item",
    "pk": 24,
    "fields": {
      "category": 1,
      "name": "Ранчо",
      "description": "Соус фирменный, сыр Моцарелла, бекон, мясо цыплёнка, томат свежий, лук репчатый, соус чесночный",
      "image": "media/item_images/rancho.png",
      "slug": "rancho",
      "is_active": true,
      "created_at": "2024-04-14T13:12:30.419Z",
      "updated_at": "2024-04-14T13:12:30.419Z"
    }
  },
  {
    "model": "app_catalog.item",
    "pk": 25,
    "fields": {
      "category": 1,
      "name": "Капперони",
      "description": "Соус фирменный, соус Моцарелла, капперсы, фарш, варено-копченая колбаса, томат свежий",
      "image": "media/item_images/kapperoni.png",
      "slug": "kapperoni",
      "is_active": true,
      "created_at": "2024-04-14T13:13:36.839Z",
      "updated_at": "2024-04-14T13:13:36.839Z"
    }
  },
  {
    "model": "app_catalog.item",
    "pk": 26,
    "fields": {
      "category": 3,
      "name": "Гамбургер",
      "description": "Булочка, котлета говяжья, огурцы маринованные, соус горчичный",
      "image": "",
      "slug": "gamburger",
      "is_active": true,
      "created_at": "2024-04-14T13:25:34.718Z",
      "updated_at": "2024-04-14T13:25:34.718Z"
    }
  },
  {
    "model": "app_catalog.item",
    "pk": 27,
    "fields": {
      "category": 3,
      "name": "Чизбургер",
      "description": "Булочка, котлета говяжья, сыр Чеддер, лук репчатый, огурцы маринованные, соус горчичный",
      "image": "",
      "slug": "chizburger",
      "is_active": true,
      "created_at": "2024-04-14T13:25:59.761Z",
      "updated_at": "2024-04-14T13:25:59.761Z"
    }
  },
  {
    "model": "app_catalog.item",
    "pk": 28,
    "fields": {
      "category": 3,
      "name": "Двойной Чизбургер",
      "description": "Булочка, котлета говяжья х2, сыр Чеддер х2, лук репчатый, огурцы маринованные, соус горчичный",
      "image": "",
      "slug": "dvojnoj-chizburger",
      "is_active": true,
      "created_at": "2024-04-14T13:26:23.824Z",
      "updated_at": "2024-04-14T13:26:23.824Z"
    }
  },
  {
    "model": "app_catalog.item",
    "pk": 29,
    "fields": {
      "category": 3,
      "name": "ЛанчБургер",
      "description": "Булочка, котлета говяжья, сыр Чеддер, салат Айсберг, грудинка отборная, лук репчатый, томат свежий, соус горчичный",
      "image": "",
      "slug": "lanchburger",
      "is_active": true,
      "created_at": "2024-04-14T13:26:50.454Z",
      "updated_at": "2024-04-14T13:26:50.454Z"
    }
  },
  {
    "model": "app_catalog.item",
    "pk": 30,
    "fields": {
      "category": 3,
      "name": "МиксБургер",
      "description": "Булочка, котлета куриная, сыр Чеддер, салат Айсберг, бекон отборный, томат свежий, соус горчичный",
      "image": "",
      "slug": "miksburger",
      "is_active": true,
      "created_at": "2024-04-14T13:27:10.060Z",
      "updated_at": "2024-04-14T13:27:10.060Z"
    }
  },
  {
    "model": "app_catalog.item",
    "pk": 31,
    "fields": {
      "category": 3,
      "name": "Чикен Бургер",
      "description": "Булочка, котлета куриная, салат Айсберг, соус горчичный",
      "image": "",
      "slug": "chiken-burger",
      "is_active": true,
      "created_at": "2024-04-14T13:27:30.098Z",
      "updated_at": "2024-04-14T13:27:30.098Z"
    }
  },
  {
    "model": "app_catalog.item",
    "pk": 32,
    "fields": {
      "category": 3,
      "name": "Чикен Спайси",
      "description": "Булочка, бургерный соус, салат Айсберг, котлета куриная, томат свежий, перец халапеньо, бекон, соус терияки",
      "image": "",
      "slug": "chiken-spajsi",
      "is_active": true,
      "created_at": "2024-04-14T13:27:53.879Z",
      "updated_at": "2024-04-14T13:27:53.879Z"
    }
  },
  {
    "model": "app_catalog.item",
    "pk": 33,
    "fields": {
      "category": 3,
      "name": "Чиз Домашний",
      "description": "Булочка, бургерный соус, салат Айсберг, котлета говяжья, лук репчатый, томат свежий, яйцо куриное",
      "image": "",
      "slug": "chiz-domashnij",
      "is_active": true,
      "created_at": "2024-04-14T13:28:10.462Z",
      "updated_at": "2024-04-14T13:28:10.462Z"
    }
  },
  {
    "model": "app_catalog.item",
    "pk": 34,
    "fields": {
      "category": 2,
      "name": "Картофель фри",
      "description": "Сочные кусочки картофеля, обжаренные до золотистой хрустящей корочки, идеальное дополнение к вашему любимому обеду или перекусу. Насладитесь вкусом ароматных картофельных фри, приготовленных с любовью и тщательно подобранными специями.",
      "image": "",
      "slug": "kartofel-fri",
      "is_active": true,
      "created_at": "2024-04-14T13:29:35.531Z",
      "updated_at": "2024-04-14T13:31:34.922Z"
    }
  },
  {
    "model": "app_catalog.item",
    "pk": 35,
    "fields": {
      "category": 2,
      "name": "Картофельные дольки",
      "description": "Насыщенный вкус нежно обжаренного картофеля, украшенного хрустящей золотистой корочкой. Наши картофельные дольки - это идеальное сочетание нежности внутри и хрустящего вкуса снаружи. Погрузитесь в удовольствие каждого укуса и насладитесь традиционным вкусом в каждом кусочке.",
      "image": "",
      "slug": "kartofelnye-dolki",
      "is_active": true,
      "created_at": "2024-04-14T13:30:17.528Z",
      "updated_at": "2024-04-14T13:31:29.118Z"
    }
  },
  {
    "model": "app_catalog.item",
    "pk": 36,
    "fields": {
      "category": 2,
      "name": "Сырный хворост",
      "description": "Искушающая вкусная закуска, которая точно станет вашим любимым лакомством. Наши сырные хворосты - это нежные полоски теста, обжаренные до золотистой хрустящей корочки и насыщенные ароматом сыра. Погрузитесь в мир невероятного вкуса и насладитесь каждым кусочком этого уникального угощения.",
      "image": "",
      "slug": "syrnyj-hvorost",
      "is_active": true,
      "created_at": "2024-04-14T13:31:17.810Z",
      "updated_at": "2024-04-14T13:31:17.810Z"
    }
  },
  {
    "model": "app_catalog.item",
    "pk": 37,
    "fields": {
      "category": 2,
      "name": "Луковые кольца",
      "description": "Нежные кольца лука, обваленные в хрустящей панировке и обжаренные до золотистой карамельной корочки. Наши луковые кольца - это идеальное сочетание нежности внутри и хрустящего вкуса снаружи. Насладитесь каждым укусом этой аппетитной закуски и дайте себе возможность окунуться в мир изысканного вкуса.",
      "image": "",
      "slug": "lukovye-kolca",
      "is_active": true,
      "created_at": "2024-04-14T13:32:29.233Z",
      "updated_at": "2024-04-14T13:32:29.233Z"
    }
  },
  {
    "model": "app_catalog.item",
    "pk": 38,
    "fields": {
      "category": 2,
      "name": "Ребрышки свиные",
      "description": "Истинное воплощение мягкости и сочности - наши свиные ребрышки. Пряные и сочные, они обжарены до золотистой хрустящей корочки, сохраняя нежность и аромат свежих специй. Погрузитесь в удовольствие каждого укуса и насладитесь великолепным сочетанием вкусов, которые оставят незабываемое впечатление.",
      "image": "",
      "slug": "rebryshki-svinye",
      "is_active": true,
      "created_at": "2024-04-14T13:33:29.818Z",
      "updated_at": "2024-04-14T13:33:29.818Z"
    }
  },
  {
    "model": "app_catalog.item",
    "pk": 39,
    "fields": {
      "category": 2,
      "name": "Наггетсы",
      "description": "Насыщенный вкус нежного куриного мяса, обволакивающегося хрустящей золотистой панировкой. Наши наггетсы - это идеальное сочетание нежности и хрустящего вкуса, которое порадует ваш вкусовой рецептор. Откройте для себя аромат и вкус каждого укуса и насладитесь неповторимым удовольствием от наших наггетсов.",
      "image": "",
      "slug": "naggetsy",
      "is_active": true,
      "created_at": "2024-04-14T13:35:09.318Z",
      "updated_at": "2024-04-14T13:35:09.318Z"
    }
  },
  {
    "model": "app_catalog.item",
    "pk": 40,
    "fields": {
      "category": 2,
      "name": "Сырные палочки",
      "description": "Нежные и ароматные сырные палочки - это идеальное сочетание нежного теста и насыщенного сырного вкуса. Обжаренные до золотистой хрустящей корочки, они прекрасно подходят как закуска или дополнение к любому блюду. Погрузитесь в мир вкуса с каждым укусом и насладитесь неповторимым ароматом и вкусом наших сырных палочек.",
      "image": "",
      "slug": "syrnye-palochki",
      "is_active": true,
      "created_at": "2024-04-14T13:36:10.080Z",
      "updated_at": "2024-04-14T13:36:10.080Z"
    }
  },
  {
    "model": "app_catalog.item",
    "pk": 41,
    "fields": {
      "category": 4,
      "name": "Кальцоне с салями и опятами",
      "description": "Соус фирменный, сыр Моцарелла, сыр Креммето, сыр Пармезан, колбаса Салями, опята маринованные, томат свежий",
      "image": "media/item_images/kalcone.png",
      "slug": "kalcone-s-salyami",
      "is_active": true,
      "created_at": "2024-04-14T13:39:54.093Z",
      "updated_at": "2024-04-14T13:42:01.330Z"
    }
  },
  {
    "model": "app_catalog.item",
    "pk": 42,
    "fields": {
      "category": 4,
      "name": "Кальцоне с фаршем и перцем",
      "description": "Соус фирменный, сыр моцарелла, фарш, перец болгарский, лук репчатый",
      "image": "media/item_images/kalcone_7vISlwG.png",
      "slug": "kalcone-s-farshem-i-percem",
      "is_active": true,
      "created_at": "2024-04-14T13:40:45.331Z",
      "updated_at": "2024-04-14T13:40:45.331Z"
    }
  },
  {
    "model": "app_catalog.item",
    "pk": 43,
    "fields": {
      "category": 4,
      "name": "Кальцоне с ветчиной и томатами",
      "description": "Соус фирменный, сыр Моцарелла, ветчина рубленая, сыр Пармезан, сыр Чеддер, лук репчатый, томат свежий",
      "image": "media/item_images/kalcone_TAaI7cF.png",
      "slug": "kalcone-s-vetchinoj-i-tomatami",
      "is_active": true,
      "created_at": "2024-04-14T13:41:52.616Z",
      "updated_at": "2024-04-14T13:41:52.616Z"
    }
  },
  {
    "model": "app_catalog.item",
    "pk": 44,
    "fields": {
      "category": 4,
      "name": "Кальцоне \"Сытная\"",
      "description": "Соус фирменный, бекон, колбаса Салями, лук репчатый, сыр Моцарелла, опята маринованные, огурцы маринованные",
      "image": "media/item_images/kalcone_IvDKtzo.png",
      "slug": "kalcone-sytnaya",
      "is_active": true,
      "created_at": "2024-04-14T13:44:53.116Z",
      "updated_at": "2024-04-14T13:44:53.116Z"
    }
  },
  {
    "model": "app_catalog.item",
    "pk": 45,
    "fields": {
      "category": 4,
      "name": "Кальцоне \"Барбекю\"",
      "description": "Соус фирменный, томат свежий, колбаски охотничьи, сыр Моцарелла, соус Барбекю",
      "image": "media/item_images/kalcone_ZlayzUZ.png",
      "slug": "kalcone-barbekyu",
      "is_active": true,
      "created_at": "2024-04-14T13:45:46.598Z",
      "updated_at": "2024-04-14T13:45:46.598Z"
    }
  },
  {
    "model": "app_catalog.item",
    "pk": 46,
    "fields": {
      "category": 4,
      "name": "Кальцоне \"Кукурузка\"",
      "description": "соус фирменный, сыр Моцарелла, колбаса варено-копченая, бекон, кукуруза консервированная, лук репчатый",
      "image": "media/item_images/kalcone_UrDt40v.png",
      "slug": "kalcone-kukuruzka",
      "is_active": true,
      "created_at": "2024-04-14T13:47:13.397Z",
      "updated_at": "2024-04-14T13:47:13.397Z"
    }
  },
  {
    "model": "app_catalog.item",
    "pk": 47,
    "fields": {
      "category": 5,
      "name": "Сырный",
      "description": "Наслаждайтесь великолепным сочетанием нежного сливочного вкуса с нотками насыщенного сыра в каждом глотке сырного соуса Heinz. Идеальное дополнение к вашим любимым блюдам, подчеркивающее их вкус и делающее их еще более насыщенными и ароматными. Откройте для себя новый уровень наслаждения благодаря нашему сырному соусу Heinz.",
      "image": "media/item_images/syr.png",
      "slug": "syrnyj",
      "is_active": true,
      "created_at": "2024-04-14T13:56:25.868Z",
      "updated_at": "2024-04-14T13:56:25.868Z"
    }
  },
  {
    "model": "app_catalog.item",
    "pk": 48,
    "fields": {
      "category": 5,
      "name": "Кетчуп",
      "description": "Оживите свой вкусовой опыт с нашим классическим кетчупом Heinz. Насыщенный вкус спелых помидоров, приправленный деликатными специями, придает вашим блюдам неповторимый аромат и яркий вкус. Этот идеальный дополнительный ингредиент поднимет настроение на вашем столе и сделает каждый прием пищи незабываемым.",
      "image": "media/item_images/ketchup25.png",
      "slug": "ketchup",
      "is_active": true,
      "created_at": "2024-04-14T13:57:15.095Z",
      "updated_at": "2024-04-14T13:57:15.095Z"
    }
  },
  {
    "model": "app_catalog.item",
    "pk": 49,
    "fields": {
      "category": 5,
      "name": "Бургер-соус",
      "description": "Откройте для себя идеальное дополнение к вашим бургерам с нашим бургер-соусом. Сочетание нежности майонеза, ноток томатного соуса и приятной пикантности делает этот соус идеальным выбором для любителей сочных бургеров. Погрузитесь в мир насыщенного вкуса и добавьте неповторимый аромат вашим любимым блюдам с бургер-соусом.",
      "image": "media/item_images/2582829.png",
      "slug": "burger-sous",
      "is_active": true,
      "created_at": "2024-04-14T14:00:55.254Z",
      "updated_at": "2024-04-14T14:00:55.254Z"
    }
  },
  {
    "model": "app_catalog.item",
    "pk": 50,
    "fields": {
      "category": 5,
      "name": "Терияки",
      "description": "Откройте для себя волшебство вкуса с нашим соусом терияки. Изысканное сочетание соевого соуса, натурального меда и пряных специй создает неповторимый аромат и насыщенный вкус. Насладитесь гармонией сладости и пикантности, которая подчеркнет вкус каждого вашего блюда. Погрузитесь в мир восточных вкусов с нашим терияки-соусом.",
      "image": "media/item_images/y21onj76wfkhw7mrtxu95u5ef7c7mi8s.png",
      "slug": "teriyaki",
      "is_active": true,
      "created_at": "2024-04-14T14:02:51.794Z",
      "updated_at": "2024-04-14T14:02:51.794Z"
    }
  },
  {
    "model": "app_catalog.item",
    "pk": 51,
    "fields": {
      "category": 5,
      "name": "Чесночный",
      "description": "Оживите свои блюда с нашим ароматным чесночным соусом. Нежное сочетание свежего чеснока, кремового майонеза и легкой кислинки придает вашим блюдам неповторимый вкус и аромат. Насладитесь богатством вкуса и добавьте изюминку каждому приему пищи с нашим чесночным соусом.",
      "image": "media/item_images/garlic.png",
      "slug": "chesnochnyj",
      "is_active": true,
      "created_at": "2024-04-14T14:04:03.126Z",
      "updated_at": "2024-04-14T14:04:03.126Z"
    }
  },
  {
    "model": "app_catalog.item",
    "pk": 52,
    "fields": {
      "category": 5,
      "name": "Барбекю",
      "description": "Откройте для себя идеальное сочетание сладости и пикантности с нашим барбекю соусом. Насыщенный вкус томатов, обогащенный ароматом карамелизованного сахара и нотками пряных специй, делает этот соус незаменимым дополнением к вашим блюдам. Насладитесь гармонией вкусов и создайте настоящий праздник для своего вкусового восприятия с нашим барбекю соусом.",
      "image": "media/item_images/sous-barbekyHeinz.png",
      "slug": "barbekyu-sous",
      "is_active": true,
      "created_at": "2024-04-14T14:07:01.352Z",
      "updated_at": "2024-04-14T14:07:01.352Z"
    }
  },
  {
    "model": "app_catalog.item",
    "pk": 53,
    "fields": {
      "category": 5,
      "name": "Свит Чили",
      "description": "Оживите свой вкусовой опыт с нашим свит-чили соусом. Сочетание яркой сладости спелых перцев и остроты чили создает неповторимый вкус, который покорит ваши рецепторы. Насладитесь ароматом и пикантностью каждого глотка и добавьте нотку страсти к вашим блюдам с нашим свит-чили соусом.",
      "image": "media/item_images/ee24f5c00e6052baab3fd885a0f9aa90.png",
      "slug": "svit-chili",
      "is_active": true,
      "created_at": "2024-04-14T14:08:21.042Z",
      "updated_at": "2024-04-14T14:08:21.043Z"
    }
  },
  {
    "model": "app_catalog.item",
    "pk": 54,
    "fields": {
      "category": 5,
      "name": "Сальса",
      "description": "Погрузитесь в атмосферу Мексики с нашей свежей и ароматной сальсой. Сочное сочетание спелых помидоров, хрустящего лука, ароматного перца и свежей зелени создает неповторимый вкус, который подарит вам настоящий фестиваль вкусов. Насладитесь яркими нотками идеально подходящими для традиционных мексиканских блюд или как вдохновение для ваших собственных кулинарных экспериментов.",
      "image": "media/item_images/salsaw.png",
      "slug": "salsa",
      "is_active": true,
      "created_at": "2024-04-14T14:09:43.987Z",
      "updated_at": "2024-04-14T14:09:43.987Z"
    }
  },
  {
    "model": "app_catalog.pizzasizes",
    "pk": 1,
    "fields": {
      "size": 25,
      "slug": "25",
      "is_active": true
    }
  },
  {
    "model": "app_catalog.pizzasizes",
    "pk": 2,
    "fields": {
      "size": 32,
      "slug": "32",
      "is_active": true
    }
  },
  {
    "model": "app_catalog.pizzasizes",
    "pk": 3,
    "fields": {
      "size": 43,
      "slug": "43",
      "is_active": true
    }
  },
  {
    "model": "app_catalog.itemparams",
    "pk": 1,
    "fields": {
      "item": 1,
      "count": null,
      "size": 1,
      "weight": null,
      "price": "9.50"
    }
  },
  {
    "model": "app_catalog.itemparams",
    "pk": 2,
    "fields": {
      "item": 1,
      "count": null,
      "size": 2,
      "weight": null,
      "price": "17.50"
    }
  },
  {
    "model": "app_catalog.itemparams",
    "pk": 3,
    "fields": {
      "item": 1,
      "count": null,
      "size": 3,
      "weight": null,
      "price": "26.50"
    }
  },
  {
    "model": "app_catalog.itemparams",
    "pk": 4,
    "fields": {
      "item": 2,
      "count": null,
      "size": 1,
      "weight": null,
      "price": "9.50"
    }
  },
  {
    "model": "app_catalog.itemparams",
    "pk": 5,
    "fields": {
      "item": 2,
      "count": null,
      "size": 2,
      "weight": null,
      "price": "16.50"
    }
  },
  {
    "model": "app_catalog.itemparams",
    "pk": 6,
    "fields": {
      "item": 2,
      "count": null,
      "size": 3,
      "weight": null,
      "price": "25.00"
    }
  },
  {
    "model": "app_catalog.itemparams",
    "pk": 7,
    "fields": {
      "item": 3,
      "count": null,
      "size": 1,
      "weight": null,
      "price": "9.50"
    }
  },
  {
    "model": "app_catalog.itemparams",
    "pk": 8,
    "fields": {
      "item": 3,
      "count": null,
      "size": 2,
      "weight": null,
      "price": "16.00"
    }
  },
  {
    "model": "app_catalog.itemparams",
    "pk": 9,
    "fields": {
      "item": 3,
      "count": null,
      "size": 3,
      "weight": null,
      "price": "26.00"
    }
  },
  {
    "model": "app_catalog.itemparams",
    "pk": 10,
    "fields": {
      "item": 4,
      "count": null,
      "size": 1,
      "weight": null,
      "price": "9.50"
    }
  },
  {
    "model": "app_catalog.itemparams",
    "pk": 11,
    "fields": {
      "item": 4,
      "count": null,
      "size": 2,
      "weight": null,
      "price": "16.50"
    }
  },
  {
    "model": "app_catalog.itemparams",
    "pk": 12,
    "fields": {
      "item": 4,
      "count": null,
      "size": 3,
      "weight": null,
      "price": "26.00"
    }
  },
  {
    "model": "app_catalog.itemparams",
    "pk": 13,
    "fields": {
      "item": 5,
      "count": null,
      "size": 1,
      "weight": null,
      "price": "9.50"
    }
  },
  {
    "model": "app_catalog.itemparams",
    "pk": 14,
    "fields": {
      "item": 5,
      "count": null,
      "size": 2,
      "weight": null,
      "price": "16.50"
    }
  },
  {
    "model": "app_catalog.itemparams",
    "pk": 15,
    "fields": {
      "item": 5,
      "count": null,
      "size": 3,
      "weight": null,
      "price": "26.00"
    }
  },
  {
    "model": "app_catalog.itemparams",
    "pk": 16,
    "fields": {
      "item": 6,
      "count": null,
      "size": 1,
      "weight": null,
      "price": "9.50"
    }
  },
  {
    "model": "app_catalog.itemparams",
    "pk": 17,
    "fields": {
      "item": 6,
      "count": null,
      "size": 2,
      "weight": null,
      "price": "17.50"
    }
  },
  {
    "model": "app_catalog.itemparams",
    "pk": 18,
    "fields": {
      "item": 6,
      "count": null,
      "size": 3,
      "weight": null,
      "price": "27.00"
    }
  },
  {
    "model": "app_catalog.itemparams",
    "pk": 19,
    "fields": {
      "item": 7,
      "count": null,
      "size": 1,
      "weight": null,
      "price": "9.50"
    }
  },
  {
    "model": "app_catalog.itemparams",
    "pk": 20,
    "fields": {
      "item": 7,
      "count": null,
      "size": 2,
      "weight": null,
      "price": "17.50"
    }
  },
  {
    "model": "app_catalog.itemparams",
    "pk": 21,
    "fields": {
      "item": 7,
      "count": null,
      "size": 3,
      "weight": null,
      "price": "27.50"
    }
  },
  {
    "model": "app_catalog.itemparams",
    "pk": 22,
    "fields": {
      "item": 8,
      "count": null,
      "size": 1,
      "weight": null,
      "price": "9.50"
    }
  },
  {
    "model": "app_catalog.itemparams",
    "pk": 23,
    "fields": {
      "item": 8,
      "count": null,
      "size": 2,
      "weight": null,
      "price": "17.00"
    }
  },
  {
    "model": "app_catalog.itemparams",
    "pk": 24,
    "fields": {
      "item": 8,
      "count": null,
      "size": 3,
      "weight": null,
      "price": "26.00"
    }
  },
  {
    "model": "app_catalog.itemparams",
    "pk": 25,
    "fields": {
      "item": 9,
      "count": null,
      "size": 1,
      "weight": null,
      "price": "9.50"
    }
  },
  {
    "model": "app_catalog.itemparams",
    "pk": 26,
    "fields": {
      "item": 9,
      "count": null,
      "size": 2,
      "weight": null,
      "price": "16.50"
    }
  },
  {
    "model": "app_catalog.itemparams",
    "pk": 27,
    "fields": {
      "item": 9,
      "count": null,
      "size": 3,
      "weight": null,
      "price": "25.00"
    }
  },
  {
    "model": "app_catalog.itemparams",
    "pk": 28,
    "fields": {
      "item": 10,
      "count": null,
      "size": 1,
      "weight": null,
      "price": "9.50"
    }
  },
  {
    "model": "app_catalog.itemparams",
    "pk": 29,
    "fields": {
      "item": 10,
      "count": null,
      "size": 2,
      "weight": null,
      "price": "16.00"
    }
  },
  {
    "model": "app_catalog.itemparams",
    "pk": 30,
    "fields": {
      "item": 10,
      "count": null,
      "size": 3,
      "weight": null,
      "price": "26.00"
    }
  },
  {
    "model": "app_catalog.itemparams",
    "pk": 31,
    "fields": {
      "item": 11,
      "count": null,
      "size": 1,
      "weight": null,
      "price": "9.50"
    }
  },
  {
    "model": "app_catalog.itemparams",
    "pk": 32,
    "fields": {
      "item": 11,
      "count": null,
      "size": 2,
      "weight": null,
      "price": "15.50"
    }
  },
  {
    "model": "app_catalog.itemparams",
    "pk": 33,
    "fields": {
      "item": 11,
      "count": null,
      "size": 3,
      "weight": null,
      "price": "24.00"
    }
  },
  {
    "model": "app_catalog.itemparams",
    "pk": 34,
    "fields": {
      "item": 12,
      "count": null,
      "size": 1,
      "weight": null,
      "price": "9.50"
    }
  },
  {
    "model": "app_catalog.itemparams",
    "pk": 35,
    "fields": {
      "item": 12,
      "count": null,
      "size": 2,
      "weight": null,
      "price": "16.50"
    }
  },
  {
    "model": "app_catalog.itemparams",
    "pk": 36,
    "fields": {
      "item": 12,
      "count": null,
      "size": 3,
      "weight": null,
      "price": "26.00"
    }
  },
  {
    "model": "app_catalog.itemparams",
    "pk": 37,
    "fields": {
      "item": 13,
      "count": null,
      "size": 1,
      "weight": null,
      "price": "9.50"
    }
  },
  {
    "model": "app_catalog.itemparams",
    "pk": 38,
    "fields": {
      "item": 13,
      "count": null,
      "size": 2,
      "weight": null,
      "price": "16.50"
    }
  },
  {
    "model": "app_catalog.itemparams",
    "pk": 39,
    "fields": {
      "item": 13,
      "count": null,
      "size": 3,
      "weight": null,
      "price": "25.00"
    }
  },
  {
    "model": "app_catalog.itemparams",
    "pk": 40,
    "fields": {
      "item": 14,
      "count": null,
      "size": 1,
      "weight": null,
      "price": "9.50"
    }
  },
  {
    "model": "app_catalog.itemparams",
    "pk": 41,
    "fields": {
      "item": 14,
      "count": null,
      "size": 2,
      "weight": null,
      "price": "15.50"
    }
  },
  {
    "model": "app_catalog.itemparams",
    "pk": 42,
    "fields": {
      "item": 14,
      "count": null,
      "size": 3,
      "weight": null,
      "price": "23.50"
    }
  },
  {
    "model": "app_catalog.itemparams",
    "pk": 43,
    "fields": {
      "item": 15,
      "count": null,
      "size": 1,
      "weight": null,
      "price": "9.50"
    }
  },
  {
    "model": "app_catalog.itemparams",
    "pk": 44,
    "fields": {
      "item": 15,
      "count": null,
      "size": 2,
      "weight": null,
      "price": "15.00"
    }
  },
  {
    "model": "app_catalog.itemparams",
    "pk": 45,
    "fields": {
      "item": 15,
      "count": null,
      "size": 3,
      "weight": null,
      "price": "22.50"
    }
  },
  {
    "model": "app_catalog.itemparams",
    "pk": 46,
    "fields": {
      "item": 16,
      "count": null,
      "size": 1,
      "weight": null,
      "price": "9.50"
    }
  },
  {
    "model": "app_catalog.itemparams",
    "pk": 47,
    "fields": {
      "item": 16,
      "count": null,
      "size": 2,
      "weight": null,
      "price": "16.50"
    }
  },
  {
    "model": "app_catalog.itemparams",
    "pk": 48,
    "fields": {
      "item": 16,
      "count": null,
      "size": 3,
      "weight": null,
      "price": "24.50"
    }
  },
  {
    "model": "app_catalog.itemparams",
    "pk": 49,
    "fields": {
      "item": 17,
      "count": null,
      "size": 1,
      "weight": null,
      "price": "9.50"
    }
  },
  {
    "model": "app_catalog.itemparams",
    "pk": 50,
    "fields": {
      "item": 17,
      "count": null,
      "size": 2,
      "weight": null,
      "price": "17.50"
    }
  },
  {
    "model": "app_catalog.itemparams",
    "pk": 51,
    "fields": {
      "item": 17,
      "count": null,
      "size": 3,
      "weight": null,
      "price": "26.00"
    }
  },
  {
    "model": "app_catalog.itemparams",
    "pk": 52,
    "fields": {
      "item": 18,
      "count": null,
      "size": 1,
      "weight": null,
      "price": "9.50"
    }
  },
  {
    "model": "app_catalog.itemparams",
    "pk": 53,
    "fields": {
      "item": 18,
      "count": null,
      "size": 2,
      "weight": null,
      "price": "17.00"
    }
  },
  {
    "model": "app_catalog.itemparams",
    "pk": 54,
    "fields": {
      "item": 18,
      "count": null,
      "size": 3,
      "weight": null,
      "price": "26.50"
    }
  },
  {
    "model": "app_catalog.itemparams",
    "pk": 55,
    "fields": {
      "item": 19,
      "count": null,
      "size": 1,
      "weight": null,
      "price": "9.50"
    }
  },
  {
    "model": "app_catalog.itemparams",
    "pk": 56,
    "fields": {
      "item": 19,
      "count": null,
      "size": 2,
      "weight": null,
      "price": "15.50"
    }
  },
  {
    "model": "app_catalog.itemparams",
    "pk": 57,
    "fields": {
      "item": 19,
      "count": null,
      "size": 3,
      "weight": null,
      "price": "23.50"
    }
  },
  {
    "model": "app_catalog.itemparams",
    "pk": 58,
    "fields": {
      "item": 20,
      "count": null,
      "size": 1,
      "weight": null,
      "price": "9.50"
    }
  },
  {
    "model": "app_catalog.itemparams",
    "pk": 59,
    "fields": {
      "item": 20,
      "count": null,
      "size": 2,
      "weight": null,
      "price": "17.50"
    }
  },
  {
    "model": "app_catalog.itemparams",
    "pk": 60,
    "fields": {
      "item": 20,
      "count": null,
      "size": 3,
      "weight": null,
      "price": "26.00"
    }
  },
  {
    "model": "app_catalog.itemparams",
    "pk": 61,
    "fields": {
      "item": 21,
      "count": null,
      "size": 1,
      "weight": null,
      "price": "9.50"
    }
  },
  {
    "model": "app_catalog.itemparams",
    "pk": 62,
    "fields": {
      "item": 21,
      "count": null,
      "size": 2,
      "weight": null,
      "price": "17.00"
    }
  },
  {
    "model": "app_catalog.itemparams",
    "pk": 63,
    "fields": {
      "item": 21,
      "count": null,
      "size": 3,
      "weight": null,
      "price": "25.50"
    }
  },
  {
    "model": "app_catalog.itemparams",
    "pk": 64,
    "fields": {
      "item": 22,
      "count": null,
      "size": 1,
      "weight": null,
      "price": "9.50"
    }
  },
  {
    "model": "app_catalog.itemparams",
    "pk": 65,
    "fields": {
      "item": 22,
      "count": null,
      "size": 2,
      "weight": null,
      "price": "15.50"
    }
  },
  {
    "model": "app_catalog.itemparams",
    "pk": 66,
    "fields": {
      "item": 22,
      "count": null,
      "size": 3,
      "weight": null,
      "price": "24.50"
    }
  },
  {
    "model": "app_catalog.itemparams",
    "pk": 67,
    "fields": {
      "item": 23,
      "count": null,
      "size": 1,
      "weight": null,
      "price": "9.50"
    }
  },
  {
    "model": "app_catalog.itemparams",
    "pk": 68,
    "fields": {
      "item": 23,
      "count": null,
      "size": 2,
      "weight": null,
      "price": "17.00"
    }
  },
  {
    "model": "app_catalog.itemparams",
    "pk": 69,
    "fields": {
      "item": 23,
      "count": null,
      "size": 3,
      "weight": null,
      "price": "26.50"
    }
  },
  {
    "model": "app_catalog.itemparams",
    "pk": 70,
    "fields": {
      "item": 24,
      "count": null,
      "size": 1,
      "weight": null,
      "price": "9.50"
    }
  },
  {
    "model": "app_catalog.itemparams",
    "pk": 71,
    "fields": {
      "item": 24,
      "count": null,
      "size": 2,
      "weight": null,
      "price": "17.50"
    }
  },
  {
    "model": "app_catalog.itemparams",
    "pk": 72,
    "fields": {
      "item": 24,
      "count": null,
      "size": 3,
      "weight": null,
      "price": "25.50"
    }
  },
  {
    "model": "app_catalog.itemparams",
    "pk": 73,
    "fields": {
      "item": 25,
      "count": null,
      "size": 1,
      "weight": null,
      "price": "9.50"
    }
  },
  {
    "model": "app_catalog.itemparams",
    "pk": 74,
    "fields": {
      "item": 25,
      "count": null,
      "size": 2,
      "weight": null,
      "price": "17.50"
    }
  },
  {
    "model": "app_catalog.itemparams",
    "pk": 75,
    "fields": {
      "item": 25,
      "count": null,
      "size": 3,
      "weight": null,
      "price": "26.00"
    }
  },
  {
    "model": "app_catalog.itemparams",
    "pk": 76,
    "fields": {
      "item": 26,
      "count": null,
      "size": null,
      "weight": "120.00",
      "price": "4.80"
    }
  },
  {
    "model": "app_catalog.itemparams",
    "pk": 77,
    "fields": {
      "item": 27,
      "count": null,
      "size": null,
      "weight": "155.00",
      "price": "5.50"
    }
  },
  {
    "model": "app_catalog.itemparams",
    "pk": 78,
    "fields": {
      "item": 28,
      "count": null,
      "size": null,
      "weight": "170.00",
      "price": "8.20"
    }
  },
  {
    "model": "app_catalog.itemparams",
    "pk": 79,
    "fields": {
      "item": 29,
      "count": null,
      "size": null,
      "weight": "130.00",
      "price": "6.50"
    }
  },
  {
    "model": "app_catalog.itemparams",
    "pk": 80,
    "fields": {
      "item": 30,
      "count": null,
      "size": null,
      "weight": "170.00",
      "price": "5.20"
    }
  },
  {
    "model": "app_catalog.itemparams",
    "pk": 81,
    "fields": {
      "item": 31,
      "count": null,
      "size": null,
      "weight": "135.00",
      "price": "4.50"
    }
  },
  {
    "model": "app_catalog.itemparams",
    "pk": 82,
    "fields": {
      "item": 32,
      "count": null,
      "size": null,
      "weight": "160.00",
      "price": "6.00"
    }
  },
  {
    "model": "app_catalog.itemparams",
    "pk": 83,
    "fields": {
      "item": 33,
      "count": null,
      "size": null,
      "weight": "170.00",
      "price": "8.00"
    }
  },
  {
    "model": "app_catalog.itemparams",
    "pk": 84,
    "fields": {
      "item": 34,
      "count": null,
      "size": null,
      "weight": "80.00",
      "price": "2.60"
    }
  },
  {
    "model": "app_catalog.itemparams",
    "pk": 85,
    "fields": {
      "item": 34,
      "count": null,
      "size": null,
      "weight": "110.00",
      "price": "3.90"
    }
  },
  {
    "model": "app_catalog.itemparams",
    "pk": 86,
    "fields": {
      "item": 35,
      "count": null,
      "size": null,
      "weight": "160.00",
      "price": "4.70"
    }
  },
  {
    "model": "app_catalog.itemparams",
    "pk": 87,
    "fields": {
      "item": 36,
      "count": null,
      "size": null,
      "weight": "160.00",
      "price": "4.20"
    }
  },
  {
    "model": "app_catalog.itemparams",
    "pk": 88,
    "fields": {
      "item": 37,
      "count": 6,
      "size": null,
      "weight": null,
      "price": "4.00"
    }
  },
  {
    "model": "app_catalog.itemparams",
    "pk": 89,
    "fields": {
      "item": 37,
      "count": 9,
      "size": null,
      "weight": null,
      "price": "6.00"
    }
  },
  {
    "model": "app_catalog.itemparams",
    "pk": 90,
    "fields": {
      "item": 38,
      "count": null,
      "size": null,
      "weight": "255.00",
      "price": "7.00"
    }
  },
  {
    "model": "app_catalog.itemparams",
    "pk": 91,
    "fields": {
      "item": 38,
      "count": null,
      "size": null,
      "weight": "425.00",
      "price": "11.00"
    }
  },
  {
    "model": "app_catalog.itemparams",
    "pk": 92,
    "fields": {
      "item": 39,
      "count": 4,
      "size": null,
      "weight": null,
      "price": "3.70"
    }
  },
  {
    "model": "app_catalog.itemparams",
    "pk": 93,
    "fields": {
      "item": 39,
      "count": 6,
      "size": null,
      "weight": null,
      "price": "6.00"
    }
  },
  {
    "model": "app_catalog.itemparams",
    "pk": 94,
    "fields": {
      "item": 39,
      "count": 9,
      "size": null,
      "weight": null,
      "price": "9.50"
    }
  },
  {
    "model": "app_catalog.itemparams",
    "pk": 95,
    "fields": {
      "item": 39,
      "count": 12,
      "size": null,
      "weight": null,
      "price": "11.00"
    }
  },
  {
    "model": "app_catalog.itemparams",
    "pk": 96,
    "fields": {
      "item": 40,
      "count": 3,
      "size": null,
      "weight": null,
      "price": "5.00"
    }
  },
  {
    "model": "app_catalog.itemparams",
    "pk": 97,
    "fields": {
      "item": 40,
      "count": 5,
      "size": null,
      "weight": null,
      "price": "8.00"
    }
  },
  {
    "model": "app_catalog.itemparams",
    "pk": 98,
    "fields": {
      "item": 40,
      "count": 7,
      "size": null,
      "weight": null,
      "price": "11.00"
    }
  },
  {
    "model": "app_catalog.itemparams",
    "pk": 99,
    "fields": {
      "item": 40,
      "count": 15,
      "size": null,
      "weight": null,
      "price": "20.00"
    }
  },
  {
    "model": "app_catalog.itemparams",
    "pk": 100,
    "fields": {
      "item": 40,
      "count": 25,
      "size": null,
      "weight": null,
      "price": "40.00"
    }
  },
  {
    "model": "app_catalog.itemparams",
    "pk": 101,
    "fields": {
      "item": 40,
      "count": 50,
      "size": null,
      "weight": null,
      "price": "80.00"
    }
  },
  {
    "model": "app_catalog.itemparams",
    "pk": 102,
    "fields": {
      "item": 41,
      "count": null,
      "size": null,
      "weight": "200.00",
      "price": "7.50"
    }
  },
  {
    "model": "app_catalog.itemparams",
    "pk": 103,
    "fields": {
      "item": 41,
      "count": null,
      "size": null,
      "weight": "400.00",
      "price": "12.00"
    }
  },
  {
    "model": "app_catalog.itemparams",
    "pk": 104,
    "fields": {
      "item": 42,
      "count": null,
      "size": null,
      "weight": "200.00",
      "price": "7.50"
    }
  },
  {
    "model": "app_catalog.itemparams",
    "pk": 105,
    "fields": {
      "item": 42,
      "count": null,
      "size": null,
      "weight": "410.00",
      "price": "12.00"
    }
  },
  {
    "model": "app_catalog.itemparams",
    "pk": 106,
    "fields": {
      "item": 43,
      "count": null,
      "size": null,
      "weight": "200.00",
      "price": "7.50"
    }
  },
  {
    "model": "app_catalog.itemparams",
    "pk": 107,
    "fields": {
      "item": 43,
      "count": null,
      "size": null,
      "weight": "375.00",
      "price": "12.00"
    }
  },
  {
    "model": "app_catalog.itemparams",
    "pk": 108,
    "fields": {
      "item": 44,
      "count": null,
      "size": null,
      "weight": "190.00",
      "price": "7.50"
    }
  },
  {
    "model": "app_catalog.itemparams",
    "pk": 109,
    "fields": {
      "item": 44,
      "count": null,
      "size": null,
      "weight": "380.00",
      "price": "12.00"
    }
  },
  {
    "model": "app_catalog.itemparams",
    "pk": 110,
    "fields": {
      "item": 45,
      "count": null,
      "size": null,
      "weight": "185.00",
      "price": "7.50"
    }
  },
  {
    "model": "app_catalog.itemparams",
    "pk": 111,
    "fields": {
      "item": 45,
      "count": null,
      "size": null,
      "weight": "380.00",
      "price": "12.00"
    }
  },
  {
    "model": "app_catalog.itemparams",
    "pk": 112,
    "fields": {
      "item": 46,
      "count": null,
      "size": null,
      "weight": "190.00",
      "price": "7.50"
    }
  },
  {
    "model": "app_catalog.itemparams",
    "pk": 113,
    "fields": {
      "item": 46,
      "count": null,
      "size": null,
      "weight": "385.00",
      "price": "12.00"
    }
  },
  {
    "model": "app_catalog.itemparams",
    "pk": 114,
    "fields": {
      "item": 47,
      "count": null,
      "size": null,
      "weight": "25.00",
      "price": "0.70"
    }
  },
  {
    "model": "app_catalog.itemparams",
    "pk": 115,
    "fields": {
      "item": 48,
      "count": null,
      "size": null,
      "weight": "40.00",
      "price": "1.00"
    }
  },
  {
    "model": "app_catalog.itemparams",
    "pk": 116,
    "fields": {
      "item": 49,
      "count": null,
      "size": null,
      "weight": "40.00",
      "price": "1.20"
    }
  },
  {
    "model": "app_catalog.itemparams",
    "pk": 117,
    "fields": {
      "item": 50,
      "count": null,
      "size": null,
      "weight": "40.00",
      "price": "1.20"
    }
  },
  {
    "model": "app_catalog.itemparams",
    "pk": 118,
    "fields": {
      "item": 51,
      "count": null,
      "size": null,
      "weight": "40.00",
      "price": "1.20"
    }
  },
  {
    "model": "app_catalog.itemparams",
    "pk": 119,
    "fields": {
      "item": 52,
      "count": null,
      "size": null,
      "weight": "40.00",
      "price": "1.20"
    }
  },
  {
    "model": "app_catalog.itemparams",
    "pk": 120,
    "fields": {
      "item": 53,
      "count": null,
      "size": null,
      "weight": "40.00",
      "price": "1.20"
    }
  },
  {
    "model": "app_catalog.itemparams",
    "pk": 121,
    "fields": {
      "item": 54,
      "count": null,
      "size": null,
      "weight": "40.00",
      "price": "1.20"
    }
  },
  {
    "model": "app_catalog.pizzaboard",
    "pk": 1,
    "fields": {
      "name": "Сыр Моцарелла",
      "price25": "2.50",
      "price32": "2.50",
      "price43": "3.50",
      "slug": "syr-mocarella",
      "is_active": true
    }
  },
  {
    "model": "app_catalog.pizzaboard",
    "pk": 2,
    "fields": {
      "name": "Сыр Творожный",
      "price25": "3.00",
      "price32": "3.00",
      "price43": "4.00",
      "slug": "syr-tvorozhnyj",
      "is_active": true
    }
  },
  {
    "model": "app_catalog.pizzaboard",
    "pk": 3,
    "fields": {
      "name": "Сыр Чеддер",
      "price25": "3.50",
      "price32": "3.50",
      "price43": "4.50",
      "slug": "syr-chedder",
      "is_active": true
    }
  },
  {
    "model": "app_catalog.pizzaboard",
    "pk": 4,
    "fields": {
      "name": "Колбаска копченая",
      "price25": "1.60",
      "price32": "1.60",
      "price43": "3.00",
      "slug": "kolbaska-kopchenaya",
      "is_active": true
    }
  },
  {
    "model": "app_catalog.pizzaboard",
    "pk": 5,
    "fields": {
      "name": "Колбаски охотничьи",
      "price25": "1.60",
      "price32": "1.60",
      "price43": "3.00",
      "slug": "kolbaski-ohotnichi",
      "is_active": true
    }
  },
  {
    "model": "app_catalog.pizzaboard",
    "pk": 6,
    "fields": {
      "name": "Перец Халапеньо",
      "price25": "3.00",
      "price32": "3.00",
      "price43": "4.00",
      "slug": "perec-halapeno",
      "is_active": true
    }
  }
]