[{"model": "app_catalog.cafebranch", "pk": 1, "fields": {"name": "Ленина", "address": "ул. Ленина, 9/1", "phone1": null, "phone2": null, "is_active": true}}, {"model": "app_catalog.cafebranch", "pk": 2, "fields": {"name": "Тексер", "address": "ул. Тексер, 4а", "phone1": null, "phone2": null, "is_active": true}}, {"model": "app_catalog.category", "pk": 1, "fields": {"name": "Пицца", "image": "category_images/pizza-card.jpg", "description": "Горячие, сочные и очень вкусные пиццы!", "branch": null, "is_active": true, "slug": "picca"}}, {"model": "app_catalog.category", "pk": 2, "fields": {"name": "Фастфуд", "image": "category_images/fastfood.jpg", "description": "Быстро, вкусно, всегда на подходе: наш фастфуд - твой идеальный выбор!", "branch": null, "is_active": true, "slug": "fastfud"}}, {"model": "app_catalog.category", "pk": 3, "fields": {"name": "Бургеры", "image": "category_images/burger.png", "description": "Горячие, сочные и очень вкусные пиццы!", "branch": null, "is_active": true, "slug": "burgery"}}, {"model": "app_catalog.category", "pk": 4, "fields": {"name": "Кальцоне", "image": "category_images/kalcone.png", "description": "Сочетание тонкого теста, обжаренного до золотистой хрустящей корочки, и ароматных начинок - вот что делает наши кальцоне настоящими вкусными шедеврами. Насладитесь сочным сочетанием свежих ингредиентов, обрамленных нежным тестом и приготовленных с любовью. Погрузитесь в итальянскую атмосферу с каждым укусом и насладитесь великолепным вкусом наших кальцоне.", "branch": null, "is_active": true, "slug": "kalcone"}}, {"model": "app_catalog.category", "pk": 5, "fields": {"name": "Соусы", "image": "category_images/aa90_hGTq82a.png", "description": "Не забудьте соус к нашим блюдам!", "branch": null, "is_active": true, "slug": "sousy"}}, {"model": "app_catalog.category", "pk": 6, "fields": {"name": "Холодные роллы", "image": "category_images/IMG_1079.png", "description": "Роллы", "branch": null, "is_active": true, "slug": "holodnye-rolly"}}, {"model": "app_catalog.category", "pk": 7, "fields": {"name": "Горячие роллы", "image": "category_images/IMG_1292.png", "description": "", "branch": null, "is_active": true, "slug": "goryachie-rolly"}}, {"model": "app_catalog.category", "pk": 8, "fields": {"name": "Запеченные роллы", "image": "category_images/zapech_rolly.png", "description": "Запеченные роллы", "branch": null, "is_active": true, "slug": "zapechennye-rolly"}}, {"model": "app_catalog.item", "pk": 1, "fields": {"category": 1, "name": "От шефа", "description": "Соус фирменный, сыр Моцарелла, ветчина, бекон, колбаса Салями, шампиньоны, перец болгарский, маслины, лук репчатый", "image": "item_images/Ot_shefa.png", "slug": "ot-shefa", "is_active": true, "created_at": "2024-04-14T12:30:05.749Z", "updated_at": "2024-05-03T18:31:42.961Z"}}, {"model": "app_catalog.item", "pk": 2, "fields": {"category": 1, "name": "Сочный бургер", "description": "Соус фирменный, сыр Моцарелла, ветчина, бекон, маринованные огурчики, лук репчатый, томат свежий", "image": "item_images/Sochnyy_burger.png", "slug": "sochnyj-burger", "is_active": true, "created_at": "2024-04-14T12:31:11Z", "updated_at": "2024-05-03T18:31:34.907Z"}}, {"model": "app_catalog.item", "pk": 3, "fields": {"category": 1, "name": "Анталия", "description": "Соус фирменный, сыр Моцарелла, бекон, варено-копченая колбаса, томат свежий, сыр пармезан", "image": "item_images/Antaliya.png", "slug": "antaliya", "is_active": true, "created_at": "2024-04-14T12:32:09.438Z", "updated_at": "2024-05-03T18:31:23.419Z"}}, {"model": "app_catalog.item", "pk": 4, "fields": {"category": 1, "name": "Гавайская", "description": "Соус фирменный, сыр Моцарелла, ветчина рубленная, мясо цыплёнка, ананас консервированный", "image": "item_images/Gavayskaya.png", "slug": "gavajskaya", "is_active": true, "created_at": "2024-04-14T12:33:06.627Z", "updated_at": "2024-05-03T18:31:05.054Z"}}, {"model": "app_catalog.item", "pk": 5, "fields": {"category": 1, "name": "Язык дракона", "description": "Соус фирменный, сыр Моцарелла, колбаса Салями, томат свежий, колбаски охотничьи, лук репчатый, перец Халапеньо, соус Шрирача", "image": "item_images/Yazyk_drakona.png", "slug": "yazyk-drakona", "is_active": true, "created_at": "2024-04-14T12:35:27.656Z", "updated_at": "2024-05-03T18:30:52.479Z"}}, {"model": "app_catalog.item", "pk": 6, "fields": {"category": 1, "name": "Лесная", "description": "Соус фирменный, сыр Моцарелла, мясо цыплёнка, бекон, шампиньоны, опята маринованные, лук маринованный", "image": "item_images/Lesnaya_powCaWT.png", "slug": "lesnaya", "is_active": true, "created_at": "2024-04-14T12:37:41.434Z", "updated_at": "2024-05-03T18:30:44.913Z"}}, {"model": "app_catalog.item", "pk": 7, "fields": {"category": 1, "name": "Деревенская", "description": "Соус фирменный, сыр Моцарелла, бекон, колбаса Салями, перец болгарский, томат свежий, лук репчатый, маринованные огурчики, яйцо", "image": "item_images/Derevenskaya.png", "slug": "derevenskaya", "is_active": true, "created_at": "2024-04-14T12:51:56.410Z", "updated_at": "2024-05-03T18:30:36.880Z"}}, {"model": "app_catalog.item", "pk": 8, "fields": {"category": 1, "name": "Барбекю", "description": "Соус фирменный, сыр Моцарелла, бекон, мясо цыплёнка, лук репчатый, перец болгарский, соус Барбекю", "image": "item_images/Barbekyu.png", "slug": "barbekyu", "is_active": true, "created_at": "2024-04-14T12:53:23.092Z", "updated_at": "2024-05-03T18:30:29.419Z"}}, {"model": "app_catalog.item", "pk": 9, "fields": {"category": 1, "name": "Итальянская", "description": "Соус фирменный, сыр Моцарелла, бекон, ветчина рубленая, колбаса Салями, шампиньоны, маслины, томат свежий", "image": "item_images/Italyanskaya.png", "slug": "italyanskaya", "is_active": true, "created_at": "2024-04-14T12:55:24.609Z", "updated_at": "2024-05-03T18:30:22.656Z"}}, {"model": "app_catalog.item", "pk": 10, "fields": {"category": 1, "name": "Беллучи", "description": "Соус фирменный, сыр Моцарелла, колбаски охотничьи, варено-копченая колбаса, шампиньоны, болгарский перец", "image": "item_images/Belluchchi.png", "slug": "belluchi", "is_active": true, "created_at": "2024-04-14T12:56:07.666Z", "updated_at": "2024-05-03T18:30:00.698Z"}}, {"model": "app_catalog.item", "pk": 11, "fields": {"category": 1, "name": "Зелёный бум", "description": "Соус фирменный, сыр Моцарелла, шампиньоны, перец Болгарский, лук репчатый, маслины, сыр творожный, томат свежий", "image": "item_images/Zelyonyy_bum.png", "slug": "zelyonyj-bum", "is_active": true, "created_at": "2024-04-14T12:57:00.567Z", "updated_at": "2024-05-03T18:29:53.675Z"}}, {"model": "app_catalog.item", "pk": 12, "fields": {"category": 1, "name": "Челентано", "description": "Соус фирменный, сыр Моцарелла, фарш, колбаса Салями, томат свежий, лук репчатый, огурец маринованный", "image": "item_images/Chelentano.png", "slug": "chelentano", "is_active": true, "created_at": "2024-04-14T12:57:52.983Z", "updated_at": "2024-05-03T18:29:45.136Z"}}, {"model": "app_catalog.item", "pk": 13, "fields": {"category": 1, "name": "Солоньезе", "description": "Соус фирменный, сыр Моцарелла, фарш, перец болгарский, шампиньоны, яйцо куриное", "image": "item_images/Soloneze.png", "slug": "soloneze", "is_active": true, "created_at": "2024-04-14T12:58:40.322Z", "updated_at": "2024-05-03T18:29:31.206Z"}}, {"model": "app_catalog.item", "pk": 14, "fields": {"category": 1, "name": "Ветчина с грибами", "description": "Соус томатный, сыр Моцарелла, ветчина классическая, шампиньоны, маслины консервированные", "image": "item_images/Vetchina_s_gribami.png", "slug": "vetchina-s-gribami", "is_active": true, "created_at": "2024-04-14T13:00:06.206Z", "updated_at": "2024-05-03T18:29:21.538Z"}}, {"model": "app_catalog.item", "pk": 15, "fields": {"category": 1, "name": "Детская", "description": "Соус фирменный, сыр Моцарелла, ветчина рубленная, томат свежий", "image": "item_images/Detskaya.png", "slug": "detskaya", "is_active": true, "created_at": "2024-04-14T13:01:19.462Z", "updated_at": "2024-05-03T18:29:10.577Z"}}, {"model": "app_catalog.item", "pk": 16, "fields": {"category": 1, "name": "Пеперони", "description": "Соус фирменный, сыр Моцарелла, колбаса Салями", "image": "item_images/Peperoni.png", "slug": "peperoni", "is_active": true, "created_at": "2024-04-14T13:02:14.173Z", "updated_at": "2024-05-03T18:29:02.391Z"}}, {"model": "app_catalog.item", "pk": 17, "fields": {"category": 1, "name": "Бомбита", "description": "Соус фирменный, сыр Моцарелла, шампиньоны, варено-копченая колбаса, огурцы маринованные, мясо цыпленка", "image": "item_images/Bombita.png", "slug": "bombita", "is_active": true, "created_at": "2024-04-14T13:03:08.834Z", "updated_at": "2024-05-03T18:28:54.175Z"}}, {"model": "app_catalog.item", "pk": 18, "fields": {"category": 1, "name": "Панская", "description": "Соус фирменный, соус Моцарелла, колбаса Салями, варено-копченая колбаса, ветчина, колбаски охотничьи", "image": "item_images/Panskaya.png", "slug": "panskaya", "is_active": true, "created_at": "2024-04-14T13:04:44.295Z", "updated_at": "2024-05-03T18:28:44.474Z"}}, {"model": "app_catalog.item", "pk": 19, "fields": {"category": 1, "name": "Куриная", "description": "Соус фирменный, сыр Моцарелла, мясо цыплёнка, шампиньоны, лук репчатый, томат свежий", "image": "item_images/Kurinaya.png", "slug": "kurinaya", "is_active": true, "created_at": "2024-04-14T13:06:13.772Z", "updated_at": "2024-05-03T18:28:27.545Z"}}, {"model": "app_catalog.item", "pk": 20, "fields": {"category": 1, "name": "Мистер Чиз", "description": "Соус фирменный, сыр Моцарелла, сыр Чеддер, сыр творожный, сыр Пармезан, сыр ДорБлю", "image": "item_images/Mister_chiz.png", "slug": "mister-chiz", "is_active": true, "created_at": "2024-04-14T13:07:15.702Z", "updated_at": "2024-05-03T18:28:19.958Z"}}, {"model": "app_catalog.item", "pk": 21, "fields": {"category": 1, "name": "Четыре сезона", "description": "Соус фирменный, сыр Моцарелла, колбаса Салями, мясо цыплёнка, томат свежий, ветчина, шампиньоны, бекон, маринованные огурчики, яйцо", "image": "item_images/4_sezona_hQaftaD.png", "slug": "chetyre-sezona", "is_active": true, "created_at": "2024-04-14T13:08:06.236Z", "updated_at": "2024-05-03T18:46:30.361Z"}}, {"model": "app_catalog.item", "pk": 22, "fields": {"category": 1, "name": "Охотничья", "description": "Соус фирменный, сыр Моцарелла, колбаски охотничьи, бекон, шампиньоны, огурцы маринованные, чесночный соус, Терияки соус", "image": "item_images/Okhotnchya.png", "slug": "ohotnichya", "is_active": true, "created_at": "2024-04-14T13:09:47.319Z", "updated_at": "2024-05-03T18:27:06.707Z"}}, {"model": "app_catalog.item", "pk": 23, "fields": {"category": 1, "name": "Мясная", "description": "Соус фирменный, сыр Моцарелла, колбаса Салями, ветчина, бекон, колбаски охотничьи, томат свежий, шампиньоны, лук репчатый", "image": "item_images/Myasnaya.png", "slug": "myasnaya", "is_active": true, "created_at": "2024-04-14T13:10:38.698Z", "updated_at": "2024-05-03T18:26:57.894Z"}}, {"model": "app_catalog.item", "pk": 24, "fields": {"category": 1, "name": "Ранчо", "description": "Соус фирменный, сыр Моцарелла, бекон, мясо цыплёнка, томат свежий, лук репчатый, соус чесночный", "image": "item_images/Rancho.png", "slug": "rancho", "is_active": true, "created_at": "2024-04-14T13:12:30.419Z", "updated_at": "2024-05-03T18:26:50.938Z"}}, {"model": "app_catalog.item", "pk": 25, "fields": {"category": 1, "name": "Капперони", "description": "Соус фирменный, соус Моцарелла, капперсы, фарш, варено-копченая колбаса, томат свежий", "image": "item_images/Kapperoni.png", "slug": "kapperoni", "is_active": true, "created_at": "2024-04-14T13:13:36.839Z", "updated_at": "2024-05-03T18:26:41.780Z"}}, {"model": "app_catalog.item", "pk": 26, "fields": {"category": 3, "name": "Гамбургер", "description": "Булочка, котлета говяжья, огурцы маринованные, соус горчичный", "image": "item_images/gamburger.png", "slug": "gamburger", "is_active": true, "created_at": "2024-04-14T13:25:34.718Z", "updated_at": "2024-05-04T17:14:09.825Z"}}, {"model": "app_catalog.item", "pk": 27, "fields": {"category": 3, "name": "Чизбургер", "description": "Булочка, котлета говяжья, сыр Чеддер, лук репчатый, огурцы маринованные, соус горчичный", "image": "item_images/chizburger.png", "slug": "chizburger", "is_active": true, "created_at": "2024-04-14T13:25:59.761Z", "updated_at": "2024-05-04T17:14:01.442Z"}}, {"model": "app_catalog.item", "pk": 28, "fields": {"category": 3, "name": "Двойной Чизбургер", "description": "Булочка, котлета говяжья х2, сыр Чеддер х2, лук репчатый, огурцы маринованные, соус горчичный", "image": "item_images/dvojnoj_chizburger.png", "slug": "dvojnoj-chizburger", "is_active": true, "created_at": "2024-04-14T13:26:23.824Z", "updated_at": "2024-05-04T17:13:51.909Z"}}, {"model": "app_catalog.item", "pk": 29, "fields": {"category": 3, "name": "ЛанчБургер", "description": "Булочка, котлета говяжья, сыр Чеддер, салат Айсберг, грудинка отборная, лук репчатый, томат свежий, соус горчичный", "image": "item_images/chizburger_s_bekonom.png", "slug": "lanchburger", "is_active": true, "created_at": "2024-04-14T13:26:50.454Z", "updated_at": "2024-05-04T17:13:43.489Z"}}, {"model": "app_catalog.item", "pk": 30, "fields": {"category": 3, "name": "МиксБургер", "description": "Булочка, котлета куриная, сыр Чеддер, салат Айсберг, бекон отборный, томат свежий, соус горчичный", "image": "item_images/miks_burger.png", "slug": "miksburger", "is_active": true, "created_at": "2024-04-14T13:27:10.060Z", "updated_at": "2024-05-04T17:13:24.832Z"}}, {"model": "app_catalog.item", "pk": 31, "fields": {"category": 3, "name": "Чикен Бургер", "description": "Булочка, котлета куриная, салат Айсберг, соус горчичный", "image": "item_images/chikenburger.png", "slug": "chiken-burger", "is_active": true, "created_at": "2024-04-14T13:27:30.098Z", "updated_at": "2024-05-04T17:13:10.689Z"}}, {"model": "app_catalog.item", "pk": 32, "fields": {"category": 3, "name": "Чикен Спайси", "description": "Булочка, бургерный соус, салат Айсберг, котлета куриная, томат свежий, перец халапеньо, бекон, соус терияки", "image": "item_images/chiken_spicy.png", "slug": "chiken-spajsi", "is_active": true, "created_at": "2024-04-14T13:27:53.879Z", "updated_at": "2024-05-04T17:13:02.602Z"}}, {"model": "app_catalog.item", "pk": 33, "fields": {"category": 3, "name": "Чиз Домашний", "description": "Булочка, бургерный соус, салат Айсберг, котлета говяжья, лук репчатый, томат свежий, яйцо куриное", "image": "item_images/chiz_home.png", "slug": "chiz-domashnij", "is_active": true, "created_at": "2024-04-14T13:28:10.462Z", "updated_at": "2024-05-04T17:12:52.575Z"}}, {"model": "app_catalog.item", "pk": 34, "fields": {"category": 2, "name": "Картофель фри", "description": "Сочные кусочки картофеля, обжаренные до золотистой хрустящей корочки, идеальное дополнение к вашему любимому обеду или перекусу. Насладитесь вкусом ароматных картофельных фри, приготовленных с любовью и тщательно подобранными специями.", "image": "item_images/potato_free.png", "slug": "kartofel-fri", "is_active": true, "created_at": "2024-04-14T13:29:35.531Z", "updated_at": "2024-05-03T18:44:02.931Z"}}, {"model": "app_catalog.item", "pk": 35, "fields": {"category": 2, "name": "Картофельные дольки", "description": "Насыщенный вкус нежно обжаренного картофеля, украшенного хрустящей золотистой корочкой. Наши картофельные дольки - это идеальное сочетание нежности внутри и хрустящего вкуса снаружи. Погрузитесь в удовольствие каждого укуса и насладитесь традиционным вкусом в каждом кусочке.", "image": "item_images/potato_parts.png", "slug": "kartofelnye-dolki", "is_active": true, "created_at": "2024-04-14T13:30:17.528Z", "updated_at": "2024-05-03T18:43:51.744Z"}}, {"model": "app_catalog.item", "pk": 36, "fields": {"category": 2, "name": "Сырный хворост", "description": "Искушающая вкусная закуска, которая точно станет вашим любимым лакомством. Наши сырные хворосты - это нежные полоски теста, обжаренные до золотистой хрустящей корочки и насыщенные ароматом сыра. Погрузитесь в мир невероятного вкуса и насладитесь каждым кусочком этого уникального угощения.", "image": "item_images/syr_hvorost.png", "slug": "syrnyj-hvorost", "is_active": true, "created_at": "2024-04-14T13:31:17.810Z", "updated_at": "2024-05-03T18:43:35.585Z"}}, {"model": "app_catalog.item", "pk": 37, "fields": {"category": 2, "name": "Луковые кольца", "description": "Нежные кольца лука, обваленные в хрустящей панировке и обжаренные до золотистой карамельной корочки. Наши луковые кольца - это идеальное сочетание нежности внутри и хрустящего вкуса снаружи. Насладитесь каждым укусом этой аппетитной закуски и дайте себе возможность окунуться в мир изысканного вкуса.", "image": "item_images/luk_rings.png", "slug": "lukovye-kolca", "is_active": true, "created_at": "2024-04-14T13:32:29.233Z", "updated_at": "2024-05-03T18:43:27.688Z"}}, {"model": "app_catalog.item", "pk": 38, "fields": {"category": 2, "name": "Ребрышки свиные", "description": "Истинное воплощение мягкости и сочности - наши свиные ребрышки. Пряные и сочные, они обжарены до золотистой хрустящей корочки, сохраняя нежность и аромат свежих специй. Погрузитесь в удовольствие каждого укуса и насладитесь великолепным сочетанием вкусов, которые оставят незабываемое впечатление.", "image": "item_images/rebra.png", "slug": "rebryshki-svinye", "is_active": true, "created_at": "2024-04-14T13:33:29.818Z", "updated_at": "2024-05-03T18:43:19.652Z"}}, {"model": "app_catalog.item", "pk": 39, "fields": {"category": 2, "name": "Наггетсы", "description": "Насыщенный вкус нежного куриного мяса, обволакивающегося хрустящей золотистой панировкой. Наши наггетсы - это идеальное сочетание нежности и хрустящего вкуса, которое порадует ваш вкусовой рецептор. Откройте для себя аромат и вкус каждого укуса и насладитесь неповторимым удовольствием от наших наггетсов.", "image": "item_images/naggets.png", "slug": "naggetsy", "is_active": true, "created_at": "2024-04-14T13:35:09.318Z", "updated_at": "2024-05-03T19:07:38.999Z"}}, {"model": "app_catalog.item", "pk": 40, "fields": {"category": 2, "name": "Сырные палочки", "description": "Нежные и ароматные сырные палочки - это идеальное сочетание нежного теста и насыщенного сырного вкуса. Обжаренные до золотистой хрустящей корочки, они прекрасно подходят как закуска или дополнение к любому блюду. Погрузитесь в мир вкуса с каждым укусом и насладитесь неповторимым ароматом и вкусом наших сырных палочек.", "image": "item_images/syr_palki.png", "slug": "syrnye-palochki", "is_active": true, "created_at": "2024-04-14T13:36:10.080Z", "updated_at": "2024-05-03T19:07:31.204Z"}}, {"model": "app_catalog.item", "pk": 41, "fields": {"category": 4, "name": "Кальцоне с салями и опятами", "description": "Соус фирменный, сыр Моцарелла, сыр Креммето, сыр Пармезан, колбаса Салями, опята маринованные, томат свежий", "image": "item_images/kalcone_Zyn1ouz.png", "slug": "kalcone-s-salyami", "is_active": true, "created_at": "2024-04-14T13:39:54.093Z", "updated_at": "2024-05-03T18:34:36.466Z"}}, {"model": "app_catalog.item", "pk": 42, "fields": {"category": 4, "name": "Кальцоне с фаршем и перцем", "description": "Соус фирменный, сыр моцарелла, фарш, перец болгарский, лук репчатый", "image": "item_images/kalcone_V4vqdiA.png", "slug": "kalcone-s-farshem-i-percem", "is_active": true, "created_at": "2024-04-14T13:40:45.331Z", "updated_at": "2024-05-03T18:34:29.275Z"}}, {"model": "app_catalog.item", "pk": 43, "fields": {"category": 4, "name": "Кальцоне с ветчиной и томатами", "description": "Соус фирменный, сыр Моцарелла, ветчина рубленая, сыр Пармезан, сыр Чеддер, лук репчатый, томат свежий", "image": "item_images/kalcone_JilKpcI.png", "slug": "kalcone-s-vetchinoj-i-tomatami", "is_active": true, "created_at": "2024-04-14T13:41:52.616Z", "updated_at": "2024-05-03T18:34:23.164Z"}}, {"model": "app_catalog.item", "pk": 44, "fields": {"category": 4, "name": "Кальцоне \"Сытная\"", "description": "Соус фирменный, бекон, колбаса Салями, лук репчатый, сыр Моцарелла, опята маринованные, огурцы маринованные", "image": "item_images/kalcone_1FXxMER.png", "slug": "kalcone-sytnaya", "is_active": true, "created_at": "2024-04-14T13:44:53.116Z", "updated_at": "2024-05-03T18:34:16.996Z"}}, {"model": "app_catalog.item", "pk": 45, "fields": {"category": 4, "name": "Кальцоне \"Барбекю\"", "description": "Соус фирменный, томат свежий, колбаски охотничьи, сыр Моцарелла, соус Барбекю", "image": "item_images/kalcone_c2HX9JZ.png", "slug": "kalcone-barbekyu", "is_active": true, "created_at": "2024-04-14T13:45:46.598Z", "updated_at": "2024-05-03T18:34:08.827Z"}}, {"model": "app_catalog.item", "pk": 46, "fields": {"category": 4, "name": "Кальцоне \"Кукурузка\"", "description": "соус фирменный, сыр Моцарелла, колбаса варено-копченая, бекон, кукуруза консервированная, лук репчатый", "image": "item_images/kalcone_GGOZTPp.png", "slug": "kalcone-kukuruzka", "is_active": true, "created_at": "2024-04-14T13:47:13.397Z", "updated_at": "2024-05-03T18:45:39.192Z"}}, {"model": "app_catalog.item", "pk": 47, "fields": {"category": 5, "name": "Сырный", "description": "Наслаждайтесь великолепным сочетанием нежного сливочного вкуса с нотками насыщенного сыра в каждом глотке сырного соуса Heinz. Идеальное дополнение к вашим любимым блюдам, подчеркивающее их вкус и делающее их еще более насыщенными и ароматными. Откройте для себя новый уровень наслаждения благодаря нашему сырному соусу Heinz.", "image": "item_images/syr.png", "slug": "syrnyj", "is_active": true, "created_at": "2024-04-14T13:56:25.868Z", "updated_at": "2024-05-03T18:40:58.877Z"}}, {"model": "app_catalog.item", "pk": 48, "fields": {"category": 5, "name": "Кетчуп", "description": "Оживите свой вкусовой опыт с нашим классическим кетчупом Heinz. Насыщенный вкус спелых помидоров, приправленный деликатными специями, придает вашим блюдам неповторимый аромат и яркий вкус. Этот идеальный дополнительный ингредиент поднимет настроение на вашем столе и сделает каждый прием пищи незабываемым.", "image": "item_images/ketchup25.png", "slug": "ketchup", "is_active": true, "created_at": "2024-04-14T13:57:15.095Z", "updated_at": "2024-05-03T18:40:51.834Z"}}, {"model": "app_catalog.item", "pk": 49, "fields": {"category": 5, "name": "Бургер-соус", "description": "Откройте для себя идеальное дополнение к вашим бургерам с нашим бургер-соусом. Сочетание нежности майонеза, ноток томатного соуса и приятной пикантности делает этот соус идеальным выбором для любителей сочных бургеров. Погрузитесь в мир насыщенного вкуса и добавьте неповторимый аромат вашим любимым блюдам с бургер-соусом.", "image": "item_images/2582829.png", "slug": "burger-sous", "is_active": true, "created_at": "2024-04-14T14:00:55.254Z", "updated_at": "2024-05-03T18:40:37.495Z"}}, {"model": "app_catalog.item", "pk": 50, "fields": {"category": 5, "name": "Терияки", "description": "Откройте для себя волшебство вкуса с нашим соусом терияки. Изысканное сочетание соевого соуса, натурального меда и пряных специй создает неповторимый аромат и насыщенный вкус. Насладитесь гармонией сладости и пикантности, которая подчеркнет вкус каждого вашего блюда. Погрузитесь в мир восточных вкусов с нашим терияки-соусом.", "image": "item_images/u5ef7c7mi8s.png", "slug": "teriyaki", "is_active": true, "created_at": "2024-04-14T14:02:51.794Z", "updated_at": "2024-05-03T18:40:32.898Z"}}, {"model": "app_catalog.item", "pk": 51, "fields": {"category": 5, "name": "Чесночный", "description": "Оживите свои блюда с нашим ароматным чесночным соусом. Нежное сочетание свежего чеснока, кремового майонеза и легкой кислинки придает вашим блюдам неповторимый вкус и аромат. Насладитесь богатством вкуса и добавьте изюминку каждому приему пищи с нашим чесночным соусом.", "image": "item_images/garlic.png", "slug": "chesnochnyj", "is_active": true, "created_at": "2024-04-14T14:04:03.126Z", "updated_at": "2024-05-03T18:40:05.386Z"}}, {"model": "app_catalog.item", "pk": 52, "fields": {"category": 5, "name": "Барбекю", "description": "Откройте для себя идеальное сочетание сладости и пикантности с нашим барбекю соусом. Насыщенный вкус томатов, обогащенный ароматом карамелизованного сахара и нотками пряных специй, делает этот соус незаменимым дополнением к вашим блюдам. Насладитесь гармонией вкусов и создайте настоящий праздник для своего вкусового восприятия с нашим барбекю соусом.", "image": "item_images/sous-barbekyHeinz.png", "slug": "barbekyu-sous", "is_active": true, "created_at": "2024-04-14T14:07:01.352Z", "updated_at": "2024-05-03T18:39:58.552Z"}}, {"model": "app_catalog.item", "pk": 53, "fields": {"category": 5, "name": "Свит Чили", "description": "Оживите свой вкусовой опыт с нашим свит-чили соусом. Сочетание яркой сладости спелых перцев и остроты чили создает неповторимый вкус, который покорит ваши рецепторы. Насладитесь ароматом и пикантностью каждого глотка и добавьте нотку страсти к вашим блюдам с нашим свит-чили соусом.", "image": "item_images/salsaw.png", "slug": "svit-chili", "is_active": true, "created_at": "2024-04-14T14:08:21.042Z", "updated_at": "2024-05-03T18:39:45.028Z"}}, {"model": "app_catalog.item", "pk": 54, "fields": {"category": 5, "name": "Сальса", "description": "Погрузитесь в атмосферу Мексики с нашей свежей и ароматной сальсой. Сочное сочетание спелых помидоров, хрустящего лука, ароматного перца и свежей зелени создает неповторимый вкус, который подарит вам настоящий фестиваль вкусов. Насладитесь яркими нотками идеально подходящими для традиционных мексиканских блюд или как вдохновение для ваших собственных кулинарных экспериментов.", "image": "item_images/aa90_hGTq82a_KOfISQV.png", "slug": "salsa", "is_active": true, "created_at": "2024-04-14T14:09:43.987Z", "updated_at": "2024-05-03T18:47:47.653Z"}}, {"model": "app_catalog.item", "pk": 55, "fields": {"category": 6, "name": "Филадельфия Авокадо", "description": "Водоросли нори, рис, свежий авокадо, сыр креметто, лосось", "image": "item_images/IMG_1223.png", "slug": "filadelfiya-avokado", "is_active": true, "created_at": "2024-05-05T08:05:31.252Z", "updated_at": "2024-05-05T08:13:43.383Z"}}, {"model": "app_catalog.item", "pk": 56, "fields": {"category": 6, "name": "Эби ролл", "description": "Нори, рис, сыр креметто, креветка, свежий огурчик, лосось", "image": "item_images/IMG_1239.png", "slug": "ebi-roll", "is_active": true, "created_at": "2024-05-05T08:06:24.347Z", "updated_at": "2024-05-05T08:13:51.562Z"}}, {"model": "app_catalog.item", "pk": 57, "fields": {"category": 6, "name": "Бонито", "description": "Рис, водоросли нори, соус терияки, майонез, икра масаго, лосось, свежий авокадо, зеленый лук, стружка тунца", "image": "item_images/IMG_1263.png", "slug": "bonito", "is_active": true, "created_at": "2024-05-05T08:06:47.661Z", "updated_at": "2024-05-05T08:14:00.870Z"}}, {"model": "app_catalog.item", "pk": 58, "fields": {"category": 6, "name": "Олимп", "description": "Водоросли нори, рис, сыр креметто, лосось, свежий огурчик , икра масаго", "image": "item_images/IMG_1206.png", "slug": "olimp", "is_active": true, "created_at": "2024-05-05T08:07:14.828Z", "updated_at": "2024-05-05T08:14:14.563Z"}}, {"model": "app_catalog.item", "pk": 59, "fields": {"category": 6, "name": "Изобилие", "description": "Рис, водоросли нори, сыр креметте, соус терияки, копченая куриная грудка, свежий помидор, стружка тунца", "image": "item_images/IMG_1249.png", "slug": "izobilie", "is_active": true, "created_at": "2024-05-05T08:07:52.606Z", "updated_at": "2024-05-05T08:14:27.008Z"}}, {"model": "app_catalog.item", "pk": 60, "fields": {"category": 6, "name": "Грин", "description": "Рис, водоросли нори, соус спайси, копченая куриная грудка, сыр креметте, свежий авокадо, свежий огурчик, салат айсберг", "image": "item_images/IMG_1273.png", "slug": "grin", "is_active": true, "created_at": "2024-05-05T08:08:20.286Z", "updated_at": "2024-05-05T08:14:35.902Z"}}, {"model": "app_catalog.item", "pk": 61, "fields": {"category": 6, "name": "Нежный", "description": "Водоросли нори, рис, лосось, угорь, креветка, свежий авокадо, сыр креметто", "image": "item_images/IMG_1214.png", "slug": "nezhnyj", "is_active": true, "created_at": "2024-05-05T08:08:49.301Z", "updated_at": "2024-05-05T08:14:45.171Z"}}, {"model": "app_catalog.item", "pk": 62, "fields": {"category": 6, "name": "Пирамида", "description": "Рис, водоросли нори, жареный угорь, свежий огурчик, соус спайси, стружка тунца", "image": "item_images/IMG_1268.png", "slug": "piramida", "is_active": true, "created_at": "2024-05-05T08:09:17.151Z", "updated_at": "2024-05-05T08:14:53.829Z"}}, {"model": "app_catalog.item", "pk": 63, "fields": {"category": 6, "name": "Азалия", "description": "Водоросли нори, рис, угорь копченый, сыр креметто, свежий огурец, креветка тигровая, икра масаго", "image": "item_images/IMG_1019.png", "slug": "azaliya", "is_active": true, "created_at": "2024-05-05T08:09:42.484Z", "updated_at": "2024-05-05T08:15:02.264Z"}}, {"model": "app_catalog.item", "pk": 64, "fields": {"category": 6, "name": "Цезарь", "description": "Рис, водоросли нори, соус цезарь, копченая куриная грудка, икра масаго, свежий помидор, салат айсберг, сыр пармезан", "image": "item_images/IMG_1255.png", "slug": "cezar", "is_active": true, "created_at": "2024-05-05T08:10:05.735Z", "updated_at": "2024-05-05T08:15:11.003Z"}}, {"model": "app_catalog.item", "pk": 65, "fields": {"category": 6, "name": "Самурай", "description": "Рис, водоросли нори, лосось, сливочный сыр, свежий огурчик", "image": "item_images/IMG_1106.png", "slug": "samuraj", "is_active": true, "created_at": "2024-05-05T08:10:29.915Z", "updated_at": "2024-05-05T08:15:22.516Z"}}, {"model": "app_catalog.item", "pk": 66, "fields": {"category": 6, "name": "Калифорния краб", "description": "Водоросли нори, рис, сыр креметто, краб, свежий огурчик, икра масаго", "image": "item_images/IMG_1184.png", "slug": "kaliforniya-krab", "is_active": true, "created_at": "2024-05-05T08:10:52.054Z", "updated_at": "2024-05-05T08:15:31.996Z"}}, {"model": "app_catalog.item", "pk": 67, "fields": {"category": 6, "name": "Калифорния креветка", "description": "Водоросли нори, рис, сыр креметто, креветка, свежий огурец, икра масаго", "image": "item_images/IMG_1150.png", "slug": "kaliforniya-krevetka", "is_active": true, "created_at": "2024-05-05T08:11:44.486Z", "updated_at": "2024-05-05T08:15:43.604Z"}}, {"model": "app_catalog.item", "pk": 68, "fields": {"category": 6, "name": "Калифорния угорь", "description": "Водоросли нори, рис, сыр креметто, угорь, свежий огурец, икра масаго", "image": "item_images/IMG_1164.png", "slug": "kaliforniya-ugor", "is_active": true, "created_at": "2024-05-05T08:13:22.684Z", "updated_at": "2024-05-05T08:15:47.448Z"}}, {"model": "app_catalog.item", "pk": 69, "fields": {"category": 6, "name": "Филадельфия классическая", "description": "Водоросли нори, рис, сыр креметто, лосось", "image": "item_images/IMG_1234.png", "slug": "filadelfiya-klassicheskaya", "is_active": true, "created_at": "2024-05-05T08:16:16.819Z", "updated_at": "2024-05-05T08:16:16.819Z"}}, {"model": "app_catalog.item", "pk": 70, "fields": {"category": 6, "name": "Филадельфия с огурцом", "description": "Водоросли нори, рис, сыр креметто, свежий огурчик, лосось", "image": "item_images/2_fil_ogurets_kvadrat.png", "slug": "filadelfiya-s-ogurcom", "is_active": true, "created_at": "2024-05-05T08:16:43.188Z", "updated_at": "2024-05-05T08:16:43.188Z"}}, {"model": "app_catalog.item", "pk": 71, "fields": {"category": 6, "name": "Токио", "description": "Водоросли нори, рис, угорь копченый, сыр креметто, свежий  авокадо, лосось, соус «Унаги», кунжут", "image": "item_images/IMG_1029.png", "slug": "tokio", "is_active": true, "created_at": "2024-05-05T08:17:14.211Z", "updated_at": "2024-05-05T08:17:14.211Z"}}, {"model": "app_catalog.item", "pk": 72, "fields": {"category": 6, "name": "Фантазия", "description": "Рис, водоросли нори, лосось, сливочный сыр, свежий огурчик, авокадо", "image": "item_images/IMG_1199.png", "slug": "fantaziya", "is_active": true, "created_at": "2024-05-05T08:17:37.551Z", "updated_at": "2024-05-05T08:17:37.551Z"}}, {"model": "app_catalog.item", "pk": 73, "fields": {"category": 6, "name": "Уромаки", "description": "Водоросли нори, рис, сыр креметто, куриная грудка, свежий огурчик, кунжут, икра масаго", "image": "item_images/IMG_0998.png", "slug": "uromaki", "is_active": true, "created_at": "2024-05-05T08:18:03.819Z", "updated_at": "2024-05-05T08:18:03.819Z"}}, {"model": "app_catalog.item", "pk": 74, "fields": {"category": 6, "name": "Хосомаки", "description": "Водоросли нори,рис, краб, сыр креметто, свежий огурчик, кунжут", "image": "item_images/IMG_0984.png", "slug": "hosomaki", "is_active": true, "created_at": "2024-05-05T08:18:30.771Z", "updated_at": "2024-05-05T08:18:30.771Z"}}, {"model": "app_catalog.item", "pk": 75, "fields": {"category": 6, "name": "Унаги маки", "description": "Водоросли нори, рис, угорь, кунжут, соус унаги", "image": "item_images/IMG_1079.png", "slug": "unagi-maki", "is_active": true, "created_at": "2024-05-05T08:18:55.342Z", "updated_at": "2024-05-05T08:18:55.342Z"}}, {"model": "app_catalog.item", "pk": 76, "fields": {"category": 6, "name": "Сяке маки", "description": "Водоросли нори, рис, лосось, сыр креметто", "image": "item_images/IMG_1051.png", "slug": "syake-maki", "is_active": true, "created_at": "2024-05-05T08:19:24.779Z", "updated_at": "2024-05-05T08:19:24.779Z"}}, {"model": "app_catalog.item", "pk": 77, "fields": {"category": 6, "name": "Фудзи маки", "description": "Водоросли нори, рис, сыр сливочный, лосось, креветка, соус спайси, соус унаги.", "image": "item_images/IMG_1063.png", "slug": "fudzi-maki", "is_active": true, "created_at": "2024-05-05T08:20:21.373Z", "updated_at": "2024-05-05T08:20:21.373Z"}}, {"model": "app_catalog.item", "pk": 78, "fields": {"category": 6, "name": "Капа маки", "description": "Водоросли нори, рис, свежий огурчик", "image": "item_images/IMG_1093.png", "slug": "kapa-maki", "is_active": true, "created_at": "2024-05-05T08:20:47.064Z", "updated_at": "2024-05-05T08:20:47.064Z"}}, {"model": "app_catalog.item", "pk": 79, "fields": {"category": 6, "name": "Эби маки", "description": "Водоросли нори, рис, креветка", "image": "item_images/IMG_1041.png", "slug": "ebi-maki", "is_active": true, "created_at": "2024-05-05T08:21:10.826Z", "updated_at": "2024-05-05T08:21:10.826Z"}}, {"model": "app_catalog.item", "pk": 80, "fields": {"category": 7, "name": "Аризона хот", "description": "Рис, водоросли нори, соус цезарь, копченая куриная грудка, сыр пармезан, салат, сухари панко", "image": "item_images/IMG_1303.png", "slug": "arizona-hot", "is_active": true, "created_at": "2024-05-05T08:22:35.710Z", "updated_at": "2024-05-05T08:22:35.710Z"}}, {"model": "app_catalog.item", "pk": 81, "fields": {"category": 7, "name": "Фуджи хот", "description": "Рис, водоросли нори, соус спайси,  сыр креметте, креветка, лосось, икра масаго, свежий огурчик, салат айсберг, сухари панко", "image": "item_images/IMG_1316.png", "slug": "fudzhi-hot", "is_active": true, "created_at": "2024-05-05T08:23:00.113Z", "updated_at": "2024-05-05T08:23:00.113Z"}}, {"model": "app_catalog.item", "pk": 82, "fields": {"category": 7, "name": "Тигр хот", "description": "Рис, водоросли нори, сыр креметте, угорь, свежий перец (болгарский), свежий огурчик, кунжут, сухари панко", "image": "item_images/IMG_1327.png", "slug": "tigr-hot", "is_active": true, "created_at": "2024-05-05T08:23:20.213Z", "updated_at": "2024-05-05T08:23:20.213Z"}}, {"model": "app_catalog.item", "pk": 83, "fields": {"category": 7, "name": "Майами хот", "description": "Рис, водоросли нори, сухари панко, сыр креметте, бекон, свежий огурчик, сухари панко", "image": "item_images/IMG_1321.png", "slug": "majami-hot", "is_active": true, "created_at": "2024-05-05T08:23:44.976Z", "updated_at": "2024-05-05T08:23:44.976Z"}}, {"model": "app_catalog.item", "pk": 84, "fields": {"category": 7, "name": "Кураж хот", "description": "Рис, водоросли нори, снежный краб (имитация), майонез, свежий авокадо, сыр кремметте, икра масаго , сухари панко", "image": "item_images/IMG_1311.png", "slug": "kurazh-hot", "is_active": true, "created_at": "2024-05-05T08:24:12.880Z", "updated_at": "2024-05-05T08:24:12.880Z"}}, {"model": "app_catalog.item", "pk": 85, "fields": {"category": 8, "name": "Изобилие запеченный", "description": "Рис, водоросли нори, сыр креметте, соус унаги, белый соус, икра масаго, креветка, свежий огурчик, зеленый лук, кунжут", "image": "item_images/IMG_1285.png", "slug": "izobilie-zapechennyj", "is_active": true, "created_at": "2024-05-05T08:25:40.548Z", "updated_at": "2024-05-05T08:36:38.780Z"}}, {"model": "app_catalog.item", "pk": 86, "fields": {"category": 8, "name": "Фантазия запеченный", "description": "Рис, водоросли нори, сыр креметте, снежный краб, свежий огурчик, кунжут", "image": "item_images/IMG_1277.png", "slug": "fantaziya-zapechennyj", "is_active": true, "created_at": "2024-05-05T08:26:02.234Z", "updated_at": "2024-05-06T08:40:45.279Z"}}, {"model": "app_catalog.item", "pk": 87, "fields": {"category": 8, "name": "Хияши запеченный", "description": "Рис, сливочный сыр, соус унаги, майонез, угорь, свежий огурчик, кунжут", "image": "item_images/IMG_1277_5xMW6Jq.png", "slug": "hiyashi-zapechennyj", "is_active": true, "created_at": "2024-05-05T08:26:25.028Z", "updated_at": "2024-05-05T08:36:54.061Z"}}, {"model": "app_catalog.item", "pk": 88, "fields": {"category": 8, "name": "Кунсей запеченный", "description": "Рис, нори, соус унаги, сливочный сыр, куриное филе, свежий огурчик, кунжут", "image": "item_images/IMG_1277_oE3TRJf.png", "slug": "kunsej-zapechennyj", "is_active": true, "created_at": "2024-05-05T08:26:46.982Z", "updated_at": "2024-05-06T08:40:41.938Z"}}, {"model": "app_catalog.item", "pk": 89, "fields": {"category": 6, "name": "Нигири с угрем", "description": "Водоросли нори, рис, жареный угорь", "image": "item_images/nigiri_s_ugrem_XH2Kd9e.png", "slug": "nigiri-s-ugrem", "is_active": true, "created_at": "2024-05-05T08:31:16.857Z", "updated_at": "2024-05-06T08:41:17.135Z"}}, {"model": "app_catalog.item", "pk": 90, "fields": {"category": 6, "name": "Нигири с лососем", "description": "Водоросли нори, рис, лосось", "image": "item_images/nigiri_losos.png", "slug": "nigiri-s-lososem", "is_active": true, "created_at": "2024-05-05T08:31:32.472Z", "updated_at": "2024-05-06T08:41:05.869Z"}}, {"model": "app_catalog.item", "pk": 91, "fields": {"category": 6, "name": "Нигири с креветкой", "description": "Водоросли нори, рис, креветка", "image": "item_images/nigiri_krevetka.png", "slug": "nigiri-s-krevetkoj", "is_active": true, "created_at": "2024-05-05T08:31:51.149Z", "updated_at": "2024-05-06T08:40:57.281Z"}}, {"model": "app_catalog.item", "pk": 92, "fields": {"category": 8, "name": "Запеченный лосось", "description": "Нори, рис, лосось", "image": "item_images/ginkan-losos.png", "slug": "zapechennyj-losos", "is_active": true, "created_at": "2024-05-05T08:38:26.451Z", "updated_at": "2024-05-06T08:40:34.765Z"}}, {"model": "app_catalog.item", "pk": 93, "fields": {"category": 8, "name": "Запеченная креветка", "description": "Нори, рис, креветка", "image": "item_images/gunkan-krevetka.png", "slug": "zapechennaya-krevetka", "is_active": true, "created_at": "2024-05-05T08:38:40.133Z", "updated_at": "2024-05-06T08:40:26.881Z"}}, {"model": "app_catalog.item", "pk": 94, "fields": {"category": 8, "name": "Запеченный угорь", "description": "Нори, рис, угорь", "image": "item_images/nigiri_s_ugrem.png", "slug": "zapechennyj-ugor", "is_active": true, "created_at": "2024-05-05T08:38:56.201Z", "updated_at": "2024-05-06T08:40:11.065Z"}}, {"model": "app_catalog.item", "pk": 95, "fields": {"category": 8, "name": "Запеченный краб", "description": "Нори, рис, краб", "image": "item_images/gunkan-krab.png", "slug": "zapechennyj-krab", "is_active": true, "created_at": "2024-05-05T08:39:09.684Z", "updated_at": "2024-05-06T08:40:04.666Z"}}, {"model": "app_catalog.pizzasizes", "pk": 1, "fields": {"size": 25, "slug": "25", "is_active": true}}, {"model": "app_catalog.pizzasizes", "pk": 2, "fields": {"size": 32, "slug": "32", "is_active": true}}, {"model": "app_catalog.pizzasizes", "pk": 3, "fields": {"size": 43, "slug": "43", "is_active": true}}, {"model": "app_catalog.itemparams", "pk": 1, "fields": {"item": 1, "count": null, "size": 1, "weight": null, "price": "9.50"}}, {"model": "app_catalog.itemparams", "pk": 2, "fields": {"item": 1, "count": null, "size": 2, "weight": null, "price": "17.50"}}, {"model": "app_catalog.itemparams", "pk": 3, "fields": {"item": 1, "count": null, "size": 3, "weight": null, "price": "26.50"}}, {"model": "app_catalog.itemparams", "pk": 4, "fields": {"item": 2, "count": null, "size": 1, "weight": null, "price": "9.50"}}, {"model": "app_catalog.itemparams", "pk": 5, "fields": {"item": 2, "count": null, "size": 2, "weight": null, "price": "16.50"}}, {"model": "app_catalog.itemparams", "pk": 6, "fields": {"item": 2, "count": null, "size": 3, "weight": null, "price": "25.00"}}, {"model": "app_catalog.itemparams", "pk": 7, "fields": {"item": 3, "count": null, "size": 1, "weight": null, "price": "9.50"}}, {"model": "app_catalog.itemparams", "pk": 8, "fields": {"item": 3, "count": null, "size": 2, "weight": null, "price": "16.00"}}, {"model": "app_catalog.itemparams", "pk": 9, "fields": {"item": 3, "count": null, "size": 3, "weight": null, "price": "26.00"}}, {"model": "app_catalog.itemparams", "pk": 10, "fields": {"item": 4, "count": null, "size": 1, "weight": null, "price": "9.50"}}, {"model": "app_catalog.itemparams", "pk": 11, "fields": {"item": 4, "count": null, "size": 2, "weight": null, "price": "16.50"}}, {"model": "app_catalog.itemparams", "pk": 12, "fields": {"item": 4, "count": null, "size": 3, "weight": null, "price": "26.00"}}, {"model": "app_catalog.itemparams", "pk": 13, "fields": {"item": 5, "count": null, "size": 1, "weight": null, "price": "9.50"}}, {"model": "app_catalog.itemparams", "pk": 14, "fields": {"item": 5, "count": null, "size": 2, "weight": null, "price": "16.50"}}, {"model": "app_catalog.itemparams", "pk": 15, "fields": {"item": 5, "count": null, "size": 3, "weight": null, "price": "26.00"}}, {"model": "app_catalog.itemparams", "pk": 16, "fields": {"item": 6, "count": null, "size": 1, "weight": null, "price": "9.50"}}, {"model": "app_catalog.itemparams", "pk": 17, "fields": {"item": 6, "count": null, "size": 2, "weight": null, "price": "17.50"}}, {"model": "app_catalog.itemparams", "pk": 18, "fields": {"item": 6, "count": null, "size": 3, "weight": null, "price": "27.00"}}, {"model": "app_catalog.itemparams", "pk": 19, "fields": {"item": 7, "count": null, "size": 1, "weight": null, "price": "9.50"}}, {"model": "app_catalog.itemparams", "pk": 20, "fields": {"item": 7, "count": null, "size": 2, "weight": null, "price": "17.50"}}, {"model": "app_catalog.itemparams", "pk": 21, "fields": {"item": 7, "count": null, "size": 3, "weight": null, "price": "27.50"}}, {"model": "app_catalog.itemparams", "pk": 22, "fields": {"item": 8, "count": null, "size": 1, "weight": null, "price": "9.50"}}, {"model": "app_catalog.itemparams", "pk": 23, "fields": {"item": 8, "count": null, "size": 2, "weight": null, "price": "17.00"}}, {"model": "app_catalog.itemparams", "pk": 24, "fields": {"item": 8, "count": null, "size": 3, "weight": null, "price": "26.00"}}, {"model": "app_catalog.itemparams", "pk": 25, "fields": {"item": 9, "count": null, "size": 1, "weight": null, "price": "9.50"}}, {"model": "app_catalog.itemparams", "pk": 26, "fields": {"item": 9, "count": null, "size": 2, "weight": null, "price": "16.50"}}, {"model": "app_catalog.itemparams", "pk": 27, "fields": {"item": 9, "count": null, "size": 3, "weight": null, "price": "25.00"}}, {"model": "app_catalog.itemparams", "pk": 28, "fields": {"item": 10, "count": null, "size": 1, "weight": null, "price": "9.50"}}, {"model": "app_catalog.itemparams", "pk": 29, "fields": {"item": 10, "count": null, "size": 2, "weight": null, "price": "16.00"}}, {"model": "app_catalog.itemparams", "pk": 30, "fields": {"item": 10, "count": null, "size": 3, "weight": null, "price": "26.00"}}, {"model": "app_catalog.itemparams", "pk": 31, "fields": {"item": 11, "count": null, "size": 1, "weight": null, "price": "9.50"}}, {"model": "app_catalog.itemparams", "pk": 32, "fields": {"item": 11, "count": null, "size": 2, "weight": null, "price": "15.50"}}, {"model": "app_catalog.itemparams", "pk": 33, "fields": {"item": 11, "count": null, "size": 3, "weight": null, "price": "24.00"}}, {"model": "app_catalog.itemparams", "pk": 34, "fields": {"item": 12, "count": null, "size": 1, "weight": null, "price": "9.50"}}, {"model": "app_catalog.itemparams", "pk": 35, "fields": {"item": 12, "count": null, "size": 2, "weight": null, "price": "16.50"}}, {"model": "app_catalog.itemparams", "pk": 36, "fields": {"item": 12, "count": null, "size": 3, "weight": null, "price": "26.00"}}, {"model": "app_catalog.itemparams", "pk": 37, "fields": {"item": 13, "count": null, "size": 1, "weight": null, "price": "9.50"}}, {"model": "app_catalog.itemparams", "pk": 38, "fields": {"item": 13, "count": null, "size": 2, "weight": null, "price": "16.50"}}, {"model": "app_catalog.itemparams", "pk": 39, "fields": {"item": 13, "count": null, "size": 3, "weight": null, "price": "25.00"}}, {"model": "app_catalog.itemparams", "pk": 40, "fields": {"item": 14, "count": null, "size": 1, "weight": null, "price": "9.50"}}, {"model": "app_catalog.itemparams", "pk": 41, "fields": {"item": 14, "count": null, "size": 2, "weight": null, "price": "15.50"}}, {"model": "app_catalog.itemparams", "pk": 42, "fields": {"item": 14, "count": null, "size": 3, "weight": null, "price": "23.50"}}, {"model": "app_catalog.itemparams", "pk": 43, "fields": {"item": 15, "count": null, "size": 1, "weight": null, "price": "9.50"}}, {"model": "app_catalog.itemparams", "pk": 44, "fields": {"item": 15, "count": null, "size": 2, "weight": null, "price": "15.00"}}, {"model": "app_catalog.itemparams", "pk": 45, "fields": {"item": 15, "count": null, "size": 3, "weight": null, "price": "22.50"}}, {"model": "app_catalog.itemparams", "pk": 46, "fields": {"item": 16, "count": null, "size": 1, "weight": null, "price": "9.50"}}, {"model": "app_catalog.itemparams", "pk": 47, "fields": {"item": 16, "count": null, "size": 2, "weight": null, "price": "16.50"}}, {"model": "app_catalog.itemparams", "pk": 48, "fields": {"item": 16, "count": null, "size": 3, "weight": null, "price": "24.50"}}, {"model": "app_catalog.itemparams", "pk": 49, "fields": {"item": 17, "count": null, "size": 1, "weight": null, "price": "9.50"}}, {"model": "app_catalog.itemparams", "pk": 50, "fields": {"item": 17, "count": null, "size": 2, "weight": null, "price": "17.50"}}, {"model": "app_catalog.itemparams", "pk": 51, "fields": {"item": 17, "count": null, "size": 3, "weight": null, "price": "26.00"}}, {"model": "app_catalog.itemparams", "pk": 52, "fields": {"item": 18, "count": null, "size": 1, "weight": null, "price": "9.50"}}, {"model": "app_catalog.itemparams", "pk": 53, "fields": {"item": 18, "count": null, "size": 2, "weight": null, "price": "17.00"}}, {"model": "app_catalog.itemparams", "pk": 54, "fields": {"item": 18, "count": null, "size": 3, "weight": null, "price": "26.50"}}, {"model": "app_catalog.itemparams", "pk": 55, "fields": {"item": 19, "count": null, "size": 1, "weight": null, "price": "9.50"}}, {"model": "app_catalog.itemparams", "pk": 56, "fields": {"item": 19, "count": null, "size": 2, "weight": null, "price": "15.50"}}, {"model": "app_catalog.itemparams", "pk": 57, "fields": {"item": 19, "count": null, "size": 3, "weight": null, "price": "23.50"}}, {"model": "app_catalog.itemparams", "pk": 58, "fields": {"item": 20, "count": null, "size": 1, "weight": null, "price": "9.50"}}, {"model": "app_catalog.itemparams", "pk": 59, "fields": {"item": 20, "count": null, "size": 2, "weight": null, "price": "17.50"}}, {"model": "app_catalog.itemparams", "pk": 60, "fields": {"item": 20, "count": null, "size": 3, "weight": null, "price": "26.00"}}, {"model": "app_catalog.itemparams", "pk": 61, "fields": {"item": 21, "count": null, "size": 1, "weight": null, "price": "9.50"}}, {"model": "app_catalog.itemparams", "pk": 62, "fields": {"item": 21, "count": null, "size": 2, "weight": null, "price": "17.00"}}, {"model": "app_catalog.itemparams", "pk": 63, "fields": {"item": 21, "count": null, "size": 3, "weight": null, "price": "25.50"}}, {"model": "app_catalog.itemparams", "pk": 64, "fields": {"item": 22, "count": null, "size": 1, "weight": null, "price": "9.50"}}, {"model": "app_catalog.itemparams", "pk": 65, "fields": {"item": 22, "count": null, "size": 2, "weight": null, "price": "15.50"}}, {"model": "app_catalog.itemparams", "pk": 66, "fields": {"item": 22, "count": null, "size": 3, "weight": null, "price": "24.50"}}, {"model": "app_catalog.itemparams", "pk": 67, "fields": {"item": 23, "count": null, "size": 1, "weight": null, "price": "9.50"}}, {"model": "app_catalog.itemparams", "pk": 68, "fields": {"item": 23, "count": null, "size": 2, "weight": null, "price": "17.00"}}, {"model": "app_catalog.itemparams", "pk": 69, "fields": {"item": 23, "count": null, "size": 3, "weight": null, "price": "26.50"}}, {"model": "app_catalog.itemparams", "pk": 70, "fields": {"item": 24, "count": null, "size": 1, "weight": null, "price": "9.50"}}, {"model": "app_catalog.itemparams", "pk": 71, "fields": {"item": 24, "count": null, "size": 2, "weight": null, "price": "17.50"}}, {"model": "app_catalog.itemparams", "pk": 72, "fields": {"item": 24, "count": null, "size": 3, "weight": null, "price": "25.50"}}, {"model": "app_catalog.itemparams", "pk": 73, "fields": {"item": 25, "count": null, "size": 1, "weight": null, "price": "9.50"}}, {"model": "app_catalog.itemparams", "pk": 74, "fields": {"item": 25, "count": null, "size": 2, "weight": null, "price": "17.50"}}, {"model": "app_catalog.itemparams", "pk": 75, "fields": {"item": 25, "count": null, "size": 3, "weight": null, "price": "26.00"}}, {"model": "app_catalog.itemparams", "pk": 76, "fields": {"item": 26, "count": null, "size": null, "weight": "120.00", "price": "4.80"}}, {"model": "app_catalog.itemparams", "pk": 77, "fields": {"item": 27, "count": null, "size": null, "weight": "155.00", "price": "5.50"}}, {"model": "app_catalog.itemparams", "pk": 78, "fields": {"item": 28, "count": null, "size": null, "weight": "170.00", "price": "8.20"}}, {"model": "app_catalog.itemparams", "pk": 79, "fields": {"item": 29, "count": null, "size": null, "weight": "130.00", "price": "6.50"}}, {"model": "app_catalog.itemparams", "pk": 80, "fields": {"item": 30, "count": null, "size": null, "weight": "170.00", "price": "5.20"}}, {"model": "app_catalog.itemparams", "pk": 81, "fields": {"item": 31, "count": null, "size": null, "weight": "135.00", "price": "4.50"}}, {"model": "app_catalog.itemparams", "pk": 82, "fields": {"item": 32, "count": null, "size": null, "weight": "160.00", "price": "6.00"}}, {"model": "app_catalog.itemparams", "pk": 83, "fields": {"item": 33, "count": null, "size": null, "weight": "170.00", "price": "8.00"}}, {"model": "app_catalog.itemparams", "pk": 84, "fields": {"item": 34, "count": null, "size": null, "weight": "80.00", "price": "2.60"}}, {"model": "app_catalog.itemparams", "pk": 85, "fields": {"item": 34, "count": null, "size": null, "weight": "110.00", "price": "3.90"}}, {"model": "app_catalog.itemparams", "pk": 86, "fields": {"item": 35, "count": null, "size": null, "weight": "160.00", "price": "4.70"}}, {"model": "app_catalog.itemparams", "pk": 87, "fields": {"item": 36, "count": null, "size": null, "weight": "160.00", "price": "4.20"}}, {"model": "app_catalog.itemparams", "pk": 88, "fields": {"item": 37, "count": 6, "size": null, "weight": null, "price": "4.00"}}, {"model": "app_catalog.itemparams", "pk": 89, "fields": {"item": 37, "count": 9, "size": null, "weight": null, "price": "6.00"}}, {"model": "app_catalog.itemparams", "pk": 90, "fields": {"item": 38, "count": null, "size": null, "weight": "255.00", "price": "7.00"}}, {"model": "app_catalog.itemparams", "pk": 91, "fields": {"item": 38, "count": null, "size": null, "weight": "425.00", "price": "11.00"}}, {"model": "app_catalog.itemparams", "pk": 92, "fields": {"item": 39, "count": 4, "size": null, "weight": null, "price": "3.70"}}, {"model": "app_catalog.itemparams", "pk": 93, "fields": {"item": 39, "count": 6, "size": null, "weight": null, "price": "6.00"}}, {"model": "app_catalog.itemparams", "pk": 94, "fields": {"item": 39, "count": 9, "size": null, "weight": null, "price": "9.50"}}, {"model": "app_catalog.itemparams", "pk": 95, "fields": {"item": 39, "count": 12, "size": null, "weight": null, "price": "11.00"}}, {"model": "app_catalog.itemparams", "pk": 96, "fields": {"item": 40, "count": 3, "size": null, "weight": null, "price": "5.00"}}, {"model": "app_catalog.itemparams", "pk": 97, "fields": {"item": 40, "count": 5, "size": null, "weight": null, "price": "8.00"}}, {"model": "app_catalog.itemparams", "pk": 98, "fields": {"item": 40, "count": 7, "size": null, "weight": null, "price": "11.00"}}, {"model": "app_catalog.itemparams", "pk": 99, "fields": {"item": 40, "count": 15, "size": null, "weight": null, "price": "20.00"}}, {"model": "app_catalog.itemparams", "pk": 100, "fields": {"item": 40, "count": 25, "size": null, "weight": null, "price": "40.00"}}, {"model": "app_catalog.itemparams", "pk": 101, "fields": {"item": 40, "count": 50, "size": null, "weight": null, "price": "80.00"}}, {"model": "app_catalog.itemparams", "pk": 102, "fields": {"item": 41, "count": null, "size": null, "weight": "200.00", "price": "7.50"}}, {"model": "app_catalog.itemparams", "pk": 103, "fields": {"item": 41, "count": null, "size": null, "weight": "400.00", "price": "12.00"}}, {"model": "app_catalog.itemparams", "pk": 104, "fields": {"item": 42, "count": null, "size": null, "weight": "200.00", "price": "7.50"}}, {"model": "app_catalog.itemparams", "pk": 105, "fields": {"item": 42, "count": null, "size": null, "weight": "410.00", "price": "12.00"}}, {"model": "app_catalog.itemparams", "pk": 106, "fields": {"item": 43, "count": null, "size": null, "weight": "200.00", "price": "7.50"}}, {"model": "app_catalog.itemparams", "pk": 107, "fields": {"item": 43, "count": null, "size": null, "weight": "375.00", "price": "12.00"}}, {"model": "app_catalog.itemparams", "pk": 108, "fields": {"item": 44, "count": null, "size": null, "weight": "190.00", "price": "7.50"}}, {"model": "app_catalog.itemparams", "pk": 109, "fields": {"item": 44, "count": null, "size": null, "weight": "380.00", "price": "12.00"}}, {"model": "app_catalog.itemparams", "pk": 110, "fields": {"item": 45, "count": null, "size": null, "weight": "185.00", "price": "7.50"}}, {"model": "app_catalog.itemparams", "pk": 111, "fields": {"item": 45, "count": null, "size": null, "weight": "380.00", "price": "12.00"}}, {"model": "app_catalog.itemparams", "pk": 112, "fields": {"item": 46, "count": null, "size": null, "weight": "190.00", "price": "7.50"}}, {"model": "app_catalog.itemparams", "pk": 113, "fields": {"item": 46, "count": null, "size": null, "weight": "385.00", "price": "12.00"}}, {"model": "app_catalog.itemparams", "pk": 114, "fields": {"item": 47, "count": null, "size": null, "weight": "25.00", "price": "0.70"}}, {"model": "app_catalog.itemparams", "pk": 115, "fields": {"item": 48, "count": null, "size": null, "weight": "40.00", "price": "1.00"}}, {"model": "app_catalog.itemparams", "pk": 116, "fields": {"item": 49, "count": null, "size": null, "weight": "40.00", "price": "1.20"}}, {"model": "app_catalog.itemparams", "pk": 117, "fields": {"item": 50, "count": null, "size": null, "weight": "40.00", "price": "1.20"}}, {"model": "app_catalog.itemparams", "pk": 118, "fields": {"item": 51, "count": null, "size": null, "weight": "40.00", "price": "1.20"}}, {"model": "app_catalog.itemparams", "pk": 119, "fields": {"item": 52, "count": null, "size": null, "weight": "40.00", "price": "1.20"}}, {"model": "app_catalog.itemparams", "pk": 120, "fields": {"item": 53, "count": null, "size": null, "weight": "40.00", "price": "1.20"}}, {"model": "app_catalog.itemparams", "pk": 121, "fields": {"item": 54, "count": null, "size": null, "weight": "40.00", "price": "1.20"}}, {"model": "app_catalog.itemparams", "pk": 122, "fields": {"item": 55, "count": null, "size": null, "weight": "265.00", "price": "19.00"}}, {"model": "app_catalog.itemparams", "pk": 123, "fields": {"item": 56, "count": null, "size": null, "weight": "255.00", "price": "17.00"}}, {"model": "app_catalog.itemparams", "pk": 124, "fields": {"item": 57, "count": null, "size": null, "weight": "205.00", "price": "13.00"}}, {"model": "app_catalog.itemparams", "pk": 125, "fields": {"item": 58, "count": null, "size": null, "weight": "260.00", "price": "17.00"}}, {"model": "app_catalog.itemparams", "pk": 126, "fields": {"item": 59, "count": null, "size": null, "weight": "225.00", "price": "8.50"}}, {"model": "app_catalog.itemparams", "pk": 127, "fields": {"item": 60, "count": null, "size": null, "weight": "250.00", "price": "9.50"}}, {"model": "app_catalog.itemparams", "pk": 128, "fields": {"item": 61, "count": null, "size": null, "weight": "290.00", "price": "24.00"}}, {"model": "app_catalog.itemparams", "pk": 129, "fields": {"item": 62, "count": null, "size": null, "weight": "230.00", "price": "13.00"}}, {"model": "app_catalog.itemparams", "pk": 130, "fields": {"item": 63, "count": null, "size": null, "weight": "265.00", "price": "14.50"}}, {"model": "app_catalog.itemparams", "pk": 131, "fields": {"item": 64, "count": null, "size": null, "weight": "245.00", "price": "12.00"}}, {"model": "app_catalog.itemparams", "pk": 132, "fields": {"item": 65, "count": null, "size": null, "weight": "230.00", "price": "12.00"}}, {"model": "app_catalog.itemparams", "pk": 133, "fields": {"item": 66, "count": null, "size": null, "weight": "255.00", "price": "12.00"}}, {"model": "app_catalog.itemparams", "pk": 134, "fields": {"item": 67, "count": null, "size": null, "weight": "245.00", "price": "15.00"}}, {"model": "app_catalog.itemparams", "pk": 135, "fields": {"item": 68, "count": null, "size": null, "weight": "255.00", "price": "16.00"}}, {"model": "app_catalog.itemparams", "pk": 136, "fields": {"item": 69, "count": null, "size": null, "weight": "270.00", "price": "21.00"}}, {"model": "app_catalog.itemparams", "pk": 137, "fields": {"item": 70, "count": null, "size": null, "weight": "210.00", "price": "12.00"}}, {"model": "app_catalog.itemparams", "pk": 138, "fields": {"item": 71, "count": null, "size": null, "weight": "285.00", "price": "22.00"}}, {"model": "app_catalog.itemparams", "pk": 139, "fields": {"item": 72, "count": null, "size": null, "weight": "255.00", "price": "13.50"}}, {"model": "app_catalog.itemparams", "pk": 140, "fields": {"item": 73, "count": null, "size": null, "weight": "250.00", "price": "9.50"}}, {"model": "app_catalog.itemparams", "pk": 141, "fields": {"item": 74, "count": null, "size": null, "weight": "240.00", "price": "9.00"}}, {"model": "app_catalog.itemparams", "pk": 142, "fields": {"item": 75, "count": null, "size": null, "weight": "120.00", "price": "10.50"}}, {"model": "app_catalog.itemparams", "pk": 143, "fields": {"item": 76, "count": null, "size": null, "weight": "120.00", "price": "9.50"}}, {"model": "app_catalog.itemparams", "pk": 144, "fields": {"item": 77, "count": null, "size": null, "weight": "120.00", "price": "10.50"}}, {"model": "app_catalog.itemparams", "pk": 145, "fields": {"item": 78, "count": null, "size": null, "weight": "120.00", "price": "6.50"}}, {"model": "app_catalog.itemparams", "pk": 146, "fields": {"item": 79, "count": null, "size": null, "weight": "120.00", "price": "10.50"}}, {"model": "app_catalog.itemparams", "pk": 147, "fields": {"item": 80, "count": null, "size": null, "weight": "280.00", "price": "9.00"}}, {"model": "app_catalog.itemparams", "pk": 148, "fields": {"item": 81, "count": null, "size": null, "weight": "310.00", "price": "16.00"}}, {"model": "app_catalog.itemparams", "pk": 149, "fields": {"item": 82, "count": null, "size": null, "weight": "310.00", "price": "14.50"}}, {"model": "app_catalog.itemparams", "pk": 150, "fields": {"item": 83, "count": null, "size": null, "weight": "280.00", "price": "9.00"}}, {"model": "app_catalog.itemparams", "pk": 151, "fields": {"item": 84, "count": null, "size": null, "weight": "275.00", "price": "9.50"}}, {"model": "app_catalog.itemparams", "pk": 152, "fields": {"item": 85, "count": null, "size": null, "weight": "285.00", "price": "18.50"}}, {"model": "app_catalog.itemparams", "pk": 153, "fields": {"item": 86, "count": null, "size": null, "weight": "300.00", "price": "15.00"}}, {"model": "app_catalog.itemparams", "pk": 154, "fields": {"item": 87, "count": null, "size": null, "weight": "290.00", "price": "12.00"}}, {"model": "app_catalog.itemparams", "pk": 155, "fields": {"item": 88, "count": null, "size": null, "weight": "290.00", "price": "11.50"}}, {"model": "app_catalog.itemparams", "pk": 156, "fields": {"item": 89, "count": 1, "size": null, "weight": null, "price": "6.00"}}, {"model": "app_catalog.itemparams", "pk": 157, "fields": {"item": 90, "count": 1, "size": null, "weight": null, "price": "5.50"}}, {"model": "app_catalog.itemparams", "pk": 158, "fields": {"item": 91, "count": 1, "size": null, "weight": null, "price": "6.00"}}, {"model": "app_catalog.itemparams", "pk": 159, "fields": {"item": 92, "count": 6, "size": null, "weight": null, "price": "5.50"}}, {"model": "app_catalog.itemparams", "pk": 160, "fields": {"item": 93, "count": 6, "size": null, "weight": null, "price": "5.50"}}, {"model": "app_catalog.itemparams", "pk": 161, "fields": {"item": 94, "count": 6, "size": null, "weight": null, "price": "5.50"}}, {"model": "app_catalog.itemparams", "pk": 162, "fields": {"item": 95, "count": 6, "size": null, "weight": null, "price": "5.50"}}, {"model": "app_catalog.pizzaboard", "pk": 1, "fields": {"name": "Колбаска копченая", "slug": "kolbaska-kopchenaya", "is_active": true}}, {"model": "app_catalog.pizzaboard", "pk": 2, "fields": {"name": "Сыр Моцарелла", "slug": "syr-mocarella", "is_active": true}}, {"model": "app_catalog.pizzaboard", "pk": 3, "fields": {"name": "Сыр Творожный", "slug": "syr-tvorozhnyj", "is_active": true}}, {"model": "app_catalog.pizzaboard", "pk": 4, "fields": {"name": "Сыр Чеддер", "slug": "syr-chedder", "is_active": true}}, {"model": "app_catalog.pizzaboard", "pk": 5, "fields": {"name": "Перец Халапеньо", "slug": "perec-halapeno", "is_active": true}}, {"model": "app_catalog.pizzaboard", "pk": 6, "fields": {"name": "Колбаски охотничьи", "slug": "kolbaski-ohotnichi", "is_active": true}}, {"model": "app_catalog.boardparams", "pk": 1, "fields": {"board": 1, "size": 1, "price": "1.60"}}, {"model": "app_catalog.boardparams", "pk": 2, "fields": {"board": 1, "size": 2, "price": "1.60"}}, {"model": "app_catalog.boardparams", "pk": 3, "fields": {"board": 1, "size": 3, "price": "3.00"}}, {"model": "app_catalog.boardparams", "pk": 4, "fields": {"board": 2, "size": 1, "price": "2.50"}}, {"model": "app_catalog.boardparams", "pk": 5, "fields": {"board": 2, "size": 2, "price": "2.50"}}, {"model": "app_catalog.boardparams", "pk": 6, "fields": {"board": 2, "size": 3, "price": "3.50"}}, {"model": "app_catalog.boardparams", "pk": 7, "fields": {"board": 3, "size": 1, "price": "3.00"}}, {"model": "app_catalog.boardparams", "pk": 8, "fields": {"board": 3, "size": 2, "price": "3.00"}}, {"model": "app_catalog.boardparams", "pk": 9, "fields": {"board": 3, "size": 3, "price": "4.00"}}, {"model": "app_catalog.boardparams", "pk": 10, "fields": {"board": 4, "size": 1, "price": "3.50"}}, {"model": "app_catalog.boardparams", "pk": 11, "fields": {"board": 4, "size": 2, "price": "3.50"}}, {"model": "app_catalog.boardparams", "pk": 12, "fields": {"board": 4, "size": 3, "price": "4.50"}}, {"model": "app_catalog.boardparams", "pk": 13, "fields": {"board": 5, "size": 1, "price": "3.00"}}, {"model": "app_catalog.boardparams", "pk": 14, "fields": {"board": 5, "size": 2, "price": "3.00"}}, {"model": "app_catalog.boardparams", "pk": 15, "fields": {"board": 5, "size": 3, "price": "4.00"}}, {"model": "app_catalog.boardparams", "pk": 16, "fields": {"board": 6, "size": 1, "price": "1.60"}}, {"model": "app_catalog.boardparams", "pk": 17, "fields": {"board": 6, "size": 2, "price": "1.60"}}, {"model": "app_catalog.boardparams", "pk": 18, "fields": {"board": 6, "size": 3, "price": "3.00"}}, {"model": "app_catalog.pizzasauce", "pk": 1, "fields": {"name": "Томатный соус-основа для пиццы", "slug": "tomatnyj-sous-osnova-dlya-piccy", "is_active": true}}, {"model": "app_catalog.pizzasauce", "pk": 2, "fields": {"name": "Бургер-соус-основа для пиццы", "slug": "burger-sous-osnova-dlya-piccy", "is_active": true}}, {"model": "app_catalog.pizzasauce", "pk": 3, "fields": {"name": "Итальянский соус-основа для пиццы", "slug": "italyanskij-sous-osnova-dlya-piccy", "is_active": true}}, {"model": "app_catalog.topping", "pk": 1, "fields": {"name": "Моцарелла", "slug": "shapochka-mocarella", "is_active": true}}, {"model": "app_catalog.topping", "pk": 2, "fields": {"name": "Чесночная", "slug": "shapochka-chesnosnaya", "is_active": true}}, {"model": "app_catalog.topping", "pk": 3, "fields": {"name": "Спайси", "slug": "shapochka-spajsi", "is_active": true}}, {"model": "app_catalog.pizzaaddons", "pk": 1, "fields": {"name": "Моцарелла", "price": "2.00", "image": "pizza_addons/Mozzarella.png", "slug": "addon-mocarella", "is_active": true}}, {"model": "app_catalog.pizzaaddons", "pk": 2, "fields": {"name": "Халапеньо", "price": "4.00", "image": "pizza_addons/Jalapeno.png", "slug": "addon-halapeno", "is_active": true}}, {"model": "app_catalog.pizzaaddons", "pk": 3, "fields": {"name": "Шампиньоны", "price": "3.00", "image": "pizza_addons/Champignons.png", "slug": "addon-shampinony", "is_active": true}}, {"model": "app_catalog.pizzaaddons", "pk": 4, "fields": {"name": "Пеперони", "price": "2.50", "image": "pizza_addons/Pepperoni.png", "slug": "addon-peperoni", "is_active": true}}, {"model": "app_catalog.pizzaaddons", "pk": 5, "fields": {"name": "Маслины", "price": "2.30", "image": "pizza_addons/Olives.png", "slug": "addon-masliny", "is_active": true}}, {"model": "app_catalog.pizzaaddons", "pk": 6, "fields": {"name": "Помидоры", "price": "3.50", "image": "pizza_addons/Tomato.png", "slug": "addon-pomidory", "is_active": true}}, {"model": "app_catalog.pizzaaddons", "pk": 7, "fields": {"name": "Болгарский перец", "price": "4.20", "image": "pizza_addons/Red-pepper.png", "slug": "addon-bolgarskij-perec", "is_active": true}}, {"model": "app_catalog.pizzaaddons", "pk": 8, "fields": {"name": "Пармезан", "price": "3.60", "image": "pizza_addons/Parmesan.png", "slug": "addon-parmezan", "is_active": true}}, {"model": "app_catalog.pizzaaddons", "pk": 9, "fields": {"name": "Бекон", "price": "4.60", "image": "pizza_addons/Bacon.png", "slug": "addon-bekon", "is_active": true}}, {"model": "app_catalog.pizzaaddons", "pk": 10, "fields": {"name": "Ветчина", "price": "4.80", "image": "pizza_addons/Ham.png", "slug": "addon-vetchina", "is_active": true}}, {"model": "app_catalog.pizzaaddons", "pk": 11, "fields": {"name": "Курица", "price": "4.70", "image": "pizza_addons/Chicken.png", "slug": "addon-kurica", "is_active": true}}, {"model": "app_catalog.pizzaaddons", "pk": 12, "fields": {"name": "Огурцы маринованные", "price": "3.80", "image": "pizza_addons/Cukes.png", "slug": "addon-ogurcy-marinovannye", "is_active": true}}, {"model": "app_catalog.pizzaaddons", "pk": 13, "fields": {"name": "Лосось", "price": "6.90", "image": "pizza_addons/Salmon.png", "slug": "addon-losos", "is_active": true}}, {"model": "app_catalog.pizzaaddons", "pk": 14, "fields": {"name": "Креветки", "price": "8.00", "image": "pizza_addons/Shrimp.png", "slug": "addon-krevetki", "is_active": true}}, {"model": "app_catalog.pizzaaddons", "pk": 15, "fields": {"name": "Ананас", "price": "5.00", "image": "pizza_addons/Pineapple.png", "slug": "addon-ananas", "is_active": true}}]